-- phpMyAdmin SQL Dump
-- version 5.0.2
-- https://www.phpmyadmin.net/
--
-- Host: 127.0.0.1:3306
-- Generation Time: Mar 20, 2022 at 02:11 PM
-- Server version: 8.0.17
-- PHP Version: 7.3.21

SET SQL_MODE = "NO_AUTO_VALUE_ON_ZERO";
START TRANSACTION;
SET time_zone = "+00:00";


/*!40101 SET @OLD_CHARACTER_SET_CLIENT=@@CHARACTER_SET_CLIENT */;
/*!40101 SET @OLD_CHARACTER_SET_RESULTS=@@CHARACTER_SET_RESULTS */;
/*!40101 SET @OLD_COLLATION_CONNECTION=@@COLLATION_CONNECTION */;
/*!40101 SET NAMES utf8mb4 */;

--
-- Database: `quan_ly_hang_hoa`
--
CREATE DATABASE IF NOT EXISTS `quan_ly_hang_hoa` DEFAULT CHARACTER SET utf8mb4 COLLATE utf8mb4_unicode_ci;
USE `quan_ly_hang_hoa`;

-- --------------------------------------------------------

--
-- Table structure for table `hang_hoa`
--

DROP TABLE IF EXISTS `hang_hoa`;
CREATE TABLE IF NOT EXISTS `hang_hoa` (
  `ma` int(11) NOT NULL AUTO_INCREMENT,
  `ten_hang` varchar(50) CHARACTER SET utf8mb4 COLLATE utf8mb4_unicode_ci NOT NULL,
  `gia_nhap` int(11) NOT NULL,
  `gia_ban` int(11) NOT NULL,
  `img_link` varchar(255) CHARACTER SET utf8mb4 COLLATE utf8mb4_unicode_ci NOT NULL,
  `so_luong_da_ban` int(11) NOT NULL,
  `so_luong_ton` int(11) NOT NULL,
  `ma_nha_cung_cap` int(11) NOT NULL,
  `ma_loai_hang` int(11) NOT NULL,
  `create_at` datetime NOT NULL DEFAULT CURRENT_TIMESTAMP,
  PRIMARY KEY (`ma`),
  KEY `ma_loai_hang` (`ma_loai_hang`)
) ENGINE=InnoDB AUTO_INCREMENT=1152 DEFAULT CHARSET=utf8mb4 COLLATE=utf8mb4_unicode_ci;

--
-- Dumping data for table `hang_hoa`
--

INSERT INTO `hang_hoa` (`ma`, `ten_hang`, `gia_nhap`, `gia_ban`, `img_link`, `so_luong_da_ban`, `so_luong_ton`, `ma_nha_cung_cap`, `ma_loai_hang`, `create_at`) VALUES
(2, 'Laptop', 500, 700, '', 2, 28, 1, 1, '2022-03-13 16:53:05'),
(3, 'Camera', 500000, 2000000, '', 2, 10, 3, 1, '2022-03-12 16:53:05'),
(4, 'Thịt lợn', 50000, 90000, '', 100, 1000, 2, 2, '2022-03-11 16:53:05'),
(5, 'Trứng', 500, 3500, '', 20, 50, 2, 2, '2022-03-14 16:53:05'),
(6, 'Rau sạch', 1000, 10000, '', 100, 50, 2, 2, '2022-03-14 16:53:05'),
(7, 'Cây lau nhà', 10000, 50000, '', 20, 30, 1, 3, '2022-03-10 16:53:05'),
(8, 'Chổi lúa', 10000, 50000, '', 20, 5, 1, 3, '2022-03-01 16:53:05'),
(9, 'Sọt rác', 5000, 15000, '', 5, 10, 1, 3, '2022-03-14 16:53:05'),
(10, 'Nồi cơm', 100000, 1000000, '', 10, 10, 3, 1, '2022-03-02 16:53:05'),
(11, 'Hàng hóa fghdfghue 509', 509, 764, '', 25, 43, 1, 1, '2022-03-03 00:00:00'),
(12, 'Hàng hóa dioghjui 913', 913, 1370, '', 528, 590, 1, 1, '2022-03-15 00:00:00'),
(13, 'Hàng hóa weroiog 732', 732, 1098, '', 513, 145, 1, 1, '2022-02-10 00:00:00'),
(14, 'Hàng hóa qwuefghi 861', 861, 1292, '', 649, 618, 1, 1, '2022-02-06 00:00:00'),
(15, 'Hàng hóa dioghjui 814', 814, 1221, '', 223, 67, 1, 1, '2022-03-01 00:00:00'),
(16, 'Hàng hóa asdf 767', 767, 1151, '', 388, 663, 1, 1, '2022-02-15 00:00:00'),
(17, 'Hàng hóa fgh 969', 969, 1454, '', 946, 145, 1, 1, '2022-02-08 00:00:00'),
(18, 'Hàng hóa weroiog 953', 953, 1430, '', 684, 787, 1, 1, '2022-03-04 00:00:00'),
(19, 'Hàng hóa fghdfghue 565', 565, 848, '', 34, 115, 1, 1, '2022-02-07 00:00:00'),
(20, 'Hàng hóa fghdfghue 989', 989, 1484, '', 614, 321, 1, 1, '2022-02-18 00:00:00'),
(21, 'Hàng hóa fghdfghue 753', 753, 1130, '', 468, 741, 1, 1, '2022-02-05 00:00:00'),
(22, 'Hàng hóa fgh 713', 713, 1070, '', 195, 659, 1, 1, '2022-03-27 00:00:00'),
(23, 'Hàng hóa fghdfghue 697', 697, 1046, '', 112, 577, 1, 1, '2022-02-22 00:00:00'),
(24, 'Hàng hóa qwuefghi 878', 878, 1317, '', 305, 69, 1, 1, '2022-03-05 00:00:00'),
(25, 'Hàng hóa dioghjui 843', 843, 1265, '', 576, 683, 1, 1, '2022-03-02 00:00:00'),
(26, 'Hàng hóa dioghjui 503', 503, 755, '', 479, 321, 1, 1, '2022-03-21 00:00:00'),
(27, 'Hàng hóa dfgj 983', 983, 1475, '', 86, 186, 1, 1, '2022-02-07 00:00:00'),
(28, 'Hàng hóa asdf 815', 815, 1223, '', 363, 319, 1, 1, '2022-02-06 00:00:00'),
(29, 'Hàng hóa asdf 757', 757, 1136, '', 296, 172, 1, 1, '2022-02-21 00:00:00'),
(30, 'Hàng hóa qwuefghi 724', 724, 1086, '', 644, 475, 1, 1, '2022-02-03 00:00:00'),
(31, 'Hàng hóa weroiog 904', 904, 1356, '', 448, 851, 1, 1, '2022-03-07 00:00:00'),
(32, 'Hàng hóa weroiog 558', 558, 837, '', 144, 124, 1, 1, '2022-03-07 00:00:00'),
(33, 'Hàng hóa dioghjui 696', 696, 1044, '', 404, 348, 1, 1, '2022-03-15 00:00:00'),
(34, 'Hàng hóa asdf 875', 875, 1313, '', 14, 709, 1, 1, '2022-02-15 00:00:00'),
(35, 'Hàng hóa fghdfghue 744', 744, 1116, '', 504, 638, 1, 1, '2022-03-06 00:00:00'),
(36, 'Hàng hóa asdf 695', 695, 1043, '', 172, 339, 1, 1, '2022-02-11 00:00:00'),
(37, 'Hàng hóa fghdfghue 870', 870, 1305, '', 862, 350, 1, 1, '2022-02-06 00:00:00'),
(38, 'Hàng hóa fghdfghue 947', 947, 1421, '', 519, 796, 1, 1, '2022-03-13 00:00:00'),
(39, 'Hàng hóa weroiog 747', 747, 1121, '', 569, 99, 1, 1, '2022-02-18 00:00:00'),
(40, 'Hàng hóa asdf 659', 659, 989, '', 95, 65, 1, 1, '2022-03-19 00:00:00'),
(41, 'Hàng hóa dioghjui 551', 551, 827, '', 515, 256, 1, 1, '2022-03-09 00:00:00'),
(42, 'Hàng hóa dioghjui 988', 988, 1482, '', 699, 348, 1, 1, '2022-02-05 00:00:00'),
(43, 'Hàng hóa asdf 848', 848, 1272, '', 741, 647, 1, 1, '2022-02-06 00:00:00'),
(44, 'Hàng hóa dfgj 693', 693, 1040, '', 572, 3, 1, 1, '2022-02-17 00:00:00'),
(45, 'Hàng hóa dfgj 671', 671, 1007, '', 593, 434, 1, 1, '2022-03-07 00:00:00'),
(46, 'Hàng hóa fgh 567', 567, 851, '', 286, 324, 1, 1, '2022-03-08 00:00:00'),
(47, 'Hàng hóa dioghjui 642', 642, 963, '', 286, 148, 1, 1, '2022-02-09 00:00:00'),
(48, 'Hàng hóa fghdfghue 924', 924, 1386, '', 559, 428, 1, 1, '2022-02-27 00:00:00'),
(49, 'Hàng hóa dioghjui 929', 929, 1394, '', 612, 835, 1, 1, '2022-02-02 00:00:00'),
(50, 'Hàng hóa dfgj 872', 872, 1308, '', 110, 856, 1, 1, '2022-03-07 00:00:00'),
(51, 'Hàng hóa weroiog 911', 911, 1367, '', 502, 788, 1, 1, '2022-03-02 00:00:00'),
(52, 'Hàng hóa fghdfghue 580', 580, 870, '', 376, 569, 1, 1, '2022-02-06 00:00:00'),
(53, 'Hàng hóa fgh 790', 790, 1185, '', 674, 594, 1, 1, '2022-02-21 00:00:00'),
(54, 'Hàng hóa weroiog 600', 600, 900, '', 227, 209, 1, 1, '2022-02-24 00:00:00'),
(55, 'Hàng hóa weroiog 649', 649, 974, '', 94, 315, 1, 1, '2022-03-26 00:00:00'),
(56, 'Hàng hóa dioghjui 576', 576, 864, '', 30, 405, 1, 1, '2022-03-17 00:00:00'),
(57, 'Hàng hóa asdf 716', 716, 1074, '', 287, 595, 1, 1, '2022-03-27 00:00:00'),
(58, 'Hàng hóa asdf 762', 762, 1143, '', 45, 507, 1, 1, '2022-03-09 00:00:00'),
(59, 'Hàng hóa weroiog 973', 973, 1460, '', 80, 475, 1, 1, '2022-02-07 00:00:00'),
(60, 'Hàng hóa dioghjui 796', 796, 1194, '', 698, 24, 1, 1, '2022-03-13 00:00:00'),
(61, 'Hàng hóa fghdfghue 524', 524, 786, '', 306, 446, 1, 1, '2022-02-08 00:00:00'),
(62, 'Hàng hóa fgh 670', 670, 1005, '', 498, 266, 1, 1, '2022-02-18 00:00:00'),
(63, 'Hàng hóa weroiog 701', 701, 1052, '', 139, 13, 1, 1, '2022-03-14 00:00:00'),
(64, 'Hàng hóa dfgj 732', 732, 1098, '', 477, 428, 1, 1, '2022-03-01 00:00:00'),
(65, 'Hàng hóa fgh 707', 707, 1061, '', 646, 171, 1, 1, '2022-03-04 00:00:00'),
(66, 'Hàng hóa weroiog 906', 906, 1359, '', 435, 143, 1, 1, '2022-02-20 00:00:00'),
(67, 'Hàng hóa qwuefghi 600', 600, 900, '', 565, 24, 1, 1, '2022-03-13 00:00:00'),
(68, 'Hàng hóa fgh 531', 531, 797, '', 19, 198, 1, 1, '2022-03-15 00:00:00'),
(69, 'Hàng hóa dfgj 973', 973, 1460, '', 735, 445, 1, 1, '2022-03-19 00:00:00'),
(70, 'Hàng hóa fgh 700', 700, 1050, '', 66, 632, 1, 1, '2022-02-05 00:00:00'),
(71, 'Hàng hóa asdf 706', 706, 1059, '', 359, 260, 1, 1, '2022-02-26 00:00:00'),
(72, 'Hàng hóa asdf 575', 575, 863, '', 408, 355, 1, 1, '2022-02-04 00:00:00'),
(73, 'Hàng hóa dioghjui 812', 812, 1218, '', 602, 155, 1, 1, '2022-02-23 00:00:00'),
(74, 'Hàng hóa dioghjui 634', 634, 951, '', 598, 207, 1, 1, '2022-03-18 00:00:00'),
(75, 'Hàng hóa asdf 719', 719, 1079, '', 673, 303, 1, 1, '2022-02-10 00:00:00'),
(76, 'Hàng hóa asdf 532', 532, 798, '', 78, 149, 1, 1, '2022-03-15 00:00:00'),
(77, 'Hàng hóa dfgj 880', 880, 1320, '', 285, 384, 1, 1, '2022-03-25 00:00:00'),
(78, 'Hàng hóa dfgj 531', 531, 797, '', 302, 251, 1, 1, '2022-02-15 00:00:00'),
(79, 'Hàng hóa weroiog 988', 988, 1482, '', 69, 704, 1, 1, '2022-03-07 00:00:00'),
(80, 'Hàng hóa weroiog 893', 893, 1340, '', 94, 55, 1, 1, '2022-02-25 00:00:00'),
(81, 'Hàng hóa weroiog 727', 727, 1091, '', 115, 192, 1, 1, '2022-02-12 00:00:00'),
(82, 'Hàng hóa dioghjui 665', 665, 998, '', 169, 479, 1, 1, '2022-02-09 00:00:00'),
(83, 'Hàng hóa fgh 737', 737, 1106, '', 575, 336, 1, 1, '2022-03-04 00:00:00'),
(84, 'Hàng hóa weroiog 676', 676, 1014, '', 659, 645, 1, 1, '2022-02-06 00:00:00'),
(85, 'Hàng hóa weroiog 939', 939, 1409, '', 342, 627, 1, 1, '2022-03-14 00:00:00'),
(86, 'Hàng hóa weroiog 985', 985, 1478, '', 2, 828, 1, 1, '2022-03-03 00:00:00'),
(87, 'Hàng hóa weroiog 636', 636, 954, '', 118, 376, 1, 1, '2022-02-03 00:00:00'),
(88, 'Hàng hóa fgh 598', 598, 897, '', 250, 350, 1, 1, '2022-03-27 00:00:00'),
(89, 'Hàng hóa dfgj 865', 865, 1298, '', 398, 223, 1, 1, '2022-02-11 00:00:00'),
(90, 'Hàng hóa weroiog 948', 948, 1422, '', 482, 211, 1, 1, '2022-03-15 00:00:00'),
(91, 'Hàng hóa weroiog 790', 790, 1185, '', 580, 150, 1, 1, '2022-03-12 00:00:00'),
(92, 'Hàng hóa dioghjui 836', 836, 1254, '', 522, 285, 1, 1, '2022-02-23 00:00:00'),
(93, 'Hàng hóa weroiog 830', 830, 1245, '', 606, 496, 1, 1, '2022-03-17 00:00:00'),
(94, 'Hàng hóa dioghjui 784', 784, 1176, '', 67, 314, 1, 1, '2022-03-20 00:00:00'),
(95, 'Hàng hóa dioghjui 742', 742, 1113, '', 365, 281, 1, 1, '2022-02-19 00:00:00'),
(96, 'Hàng hóa asdf 711', 711, 1067, '', 306, 187, 1, 1, '2022-02-21 00:00:00'),
(97, 'Hàng hóa dioghjui 559', 559, 839, '', 392, 226, 1, 1, '2022-03-23 00:00:00'),
(98, 'Hàng hóa dioghjui 700', 700, 1050, '', 412, 245, 1, 1, '2022-02-09 00:00:00'),
(99, 'Hàng hóa weroiog 911', 911, 1367, '', 202, 840, 1, 1, '2022-02-17 00:00:00'),
(100, 'Hàng hóa weroiog 523', 523, 785, '', 213, 101, 1, 1, '2022-02-04 00:00:00'),
(101, 'Hàng hóa asdf 966', 966, 1449, '', 429, 339, 1, 1, '2022-03-22 00:00:00'),
(102, 'Hàng hóa qwuefghi 738', 738, 1107, '', 583, 160, 1, 1, '2022-02-04 00:00:00'),
(103, 'Hàng hóa dfgj 641', 641, 962, '', 594, 378, 1, 1, '2022-02-12 00:00:00'),
(104, 'Hàng hóa fghdfghue 739', 739, 1109, '', 691, 599, 1, 1, '2022-02-04 00:00:00'),
(105, 'Hàng hóa fgh 878', 878, 1317, '', 699, 187, 1, 1, '2022-02-03 00:00:00'),
(106, 'Hàng hóa weroiog 637', 637, 956, '', 217, 64, 1, 1, '2022-03-16 00:00:00'),
(107, 'Hàng hóa qwuefghi 777', 777, 1166, '', 3, 751, 1, 1, '2022-02-25 00:00:00'),
(108, 'Hàng hóa dfgj 777', 777, 1166, '', 414, 120, 1, 1, '2022-02-03 00:00:00'),
(109, 'Hàng hóa dfgj 840', 840, 1260, '', 426, 641, 1, 1, '2022-03-11 00:00:00'),
(110, 'Hàng hóa fghdfghue 671', 671, 1007, '', 566, 610, 1, 1, '2022-02-27 00:00:00'),
(111, 'Hàng hóa weroiog 779', 779, 1169, '', 248, 624, 1, 1, '2022-02-23 00:00:00'),
(112, 'Hàng hóa fghdfghue 664', 664, 996, '', 59, 169, 1, 1, '2022-02-14 00:00:00'),
(113, 'Hàng hóa fgh 626', 626, 939, '', 175, 44, 1, 1, '2022-03-21 00:00:00'),
(114, 'Hàng hóa fghdfghue 533', 533, 800, '', 202, 344, 1, 1, '2022-03-05 00:00:00'),
(115, 'Hàng hóa qwuefghi 832', 832, 1248, '', 495, 208, 1, 1, '2022-02-07 00:00:00'),
(116, 'Hàng hóa qwuefghi 810', 810, 1215, '', 121, 541, 1, 1, '2022-03-15 00:00:00'),
(117, 'Hàng hóa fghdfghue 697', 697, 1046, '', 524, 604, 1, 1, '2022-03-15 00:00:00'),
(118, 'Hàng hóa qwuefghi 620', 620, 930, '', 609, 214, 1, 1, '2022-02-18 00:00:00'),
(119, 'Hàng hóa fgh 620', 620, 930, '', 129, 180, 1, 1, '2022-02-26 00:00:00'),
(120, 'Hàng hóa fgh 882', 882, 1323, '', 188, 427, 1, 1, '2022-03-10 00:00:00'),
(121, 'Hàng hóa qwuefghi 908', 908, 1362, '', 546, 188, 1, 1, '2022-02-19 00:00:00'),
(122, 'Hàng hóa asdf 714', 714, 1071, '', 132, 619, 1, 1, '2022-03-14 00:00:00'),
(123, 'Hàng hóa dioghjui 914', 914, 1371, '', 322, 872, 1, 1, '2022-03-19 00:00:00'),
(124, 'Hàng hóa asdf 898', 898, 1347, '', 56, 603, 1, 1, '2022-03-15 00:00:00'),
(125, 'Hàng hóa weroiog 991', 991, 1487, '', 169, 853, 1, 1, '2022-02-02 00:00:00'),
(126, 'Hàng hóa asdf 612', 612, 918, '', 428, 89, 1, 1, '2022-03-24 00:00:00'),
(127, 'Hàng hóa weroiog 700', 700, 1050, '', 205, 569, 1, 1, '2022-03-06 00:00:00'),
(128, 'Hàng hóa asdf 773', 773, 1160, '', 704, 256, 1, 1, '2022-02-06 00:00:00'),
(129, 'Hàng hóa qwuefghi 576', 576, 864, '', 335, 437, 1, 1, '2022-03-06 00:00:00'),
(130, 'Hàng hóa asdf 852', 852, 1278, '', 67, 339, 1, 1, '2022-02-20 00:00:00'),
(131, 'Hàng hóa fghdfghue 638', 638, 957, '', 229, 33, 1, 1, '2022-02-18 00:00:00'),
(132, 'Hàng hóa asdf 558', 558, 837, '', 479, 93, 1, 1, '2022-03-16 00:00:00'),
(133, 'Hàng hóa qwuefghi 898', 898, 1347, '', 725, 821, 1, 1, '2022-03-03 00:00:00'),
(134, 'Hàng hóa asdf 564', 564, 846, '', 510, 167, 1, 1, '2022-02-09 00:00:00'),
(135, 'Hàng hóa asdf 837', 837, 1256, '', 471, 637, 1, 1, '2022-03-08 00:00:00'),
(136, 'Hàng hóa weroiog 1000', 1000, 1500, '', 558, 191, 1, 1, '2022-03-17 00:00:00'),
(137, 'Hàng hóa asdf 954', 954, 1431, '', 332, 444, 1, 1, '2022-02-16 00:00:00'),
(138, 'Hàng hóa asdf 774', 774, 1161, '', 251, 401, 1, 1, '2022-03-10 00:00:00'),
(139, 'Hàng hóa fgh 552', 552, 828, '', 64, 435, 1, 1, '2022-02-02 00:00:00'),
(140, 'Hàng hóa fgh 724', 724, 1086, '', 439, 332, 1, 1, '2022-02-14 00:00:00'),
(141, 'Hàng hóa fghdfghue 890', 890, 1335, '', 590, 832, 1, 1, '2022-02-01 00:00:00'),
(142, 'Hàng hóa dioghjui 594', 594, 891, '', 492, 466, 1, 1, '2022-02-10 00:00:00'),
(143, 'Hàng hóa fgh 853', 853, 1280, '', 466, 177, 1, 1, '2022-03-10 00:00:00'),
(144, 'Hàng hóa dfgj 852', 852, 1278, '', 555, 417, 1, 1, '2022-02-23 00:00:00'),
(145, 'Hàng hóa fghdfghue 789', 789, 1184, '', 499, 352, 1, 1, '2022-03-16 00:00:00'),
(146, 'Hàng hóa fgh 651', 651, 977, '', 567, 286, 1, 1, '2022-02-20 00:00:00'),
(147, 'Hàng hóa weroiog 675', 675, 1013, '', 43, 70, 1, 1, '2022-02-21 00:00:00'),
(148, 'Hàng hóa dioghjui 798', 798, 1197, '', 236, 304, 1, 1, '2022-03-20 00:00:00'),
(149, 'Hàng hóa qwuefghi 660', 660, 990, '', 23, 289, 1, 1, '2022-03-15 00:00:00'),
(150, 'Hàng hóa asdf 861', 861, 1292, '', 71, 261, 1, 1, '2022-03-27 00:00:00'),
(151, 'Hàng hóa fghdfghue 575', 575, 863, '', 286, 304, 1, 1, '2022-02-19 00:00:00'),
(152, 'Hàng hóa asdf 998', 998, 1497, '', 891, 627, 1, 1, '2022-03-14 00:00:00'),
(153, 'Hàng hóa dfgj 627', 627, 941, '', 278, 194, 1, 1, '2022-03-23 00:00:00'),
(154, 'Hàng hóa fgh 738', 738, 1107, '', 679, 552, 1, 1, '2022-03-17 00:00:00'),
(155, 'Hàng hóa weroiog 950', 950, 1425, '', 924, 783, 1, 1, '2022-03-03 00:00:00'),
(156, 'Hàng hóa asdf 919', 919, 1379, '', 676, 571, 1, 1, '2022-02-15 00:00:00'),
(157, 'Hàng hóa weroiog 972', 972, 1458, '', 647, 666, 1, 1, '2022-03-25 00:00:00'),
(158, 'Hàng hóa weroiog 694', 694, 1041, '', 86, 592, 1, 1, '2022-02-10 00:00:00'),
(159, 'Hàng hóa dioghjui 875', 875, 1313, '', 620, 493, 1, 1, '2022-02-12 00:00:00'),
(160, 'Hàng hóa dioghjui 926', 926, 1389, '', 258, 351, 1, 1, '2022-03-15 00:00:00'),
(161, 'Hàng hóa fgh 754', 754, 1131, '', 485, 617, 1, 1, '2022-02-08 00:00:00'),
(162, 'Hàng hóa dioghjui 709', 709, 1064, '', 630, 704, 1, 1, '2022-02-21 00:00:00'),
(163, 'Hàng hóa weroiog 680', 680, 1020, '', 437, 301, 1, 1, '2022-03-27 00:00:00'),
(164, 'Hàng hóa fghdfghue 921', 921, 1382, '', 576, 529, 1, 1, '2022-02-10 00:00:00'),
(165, 'Hàng hóa weroiog 719', 719, 1079, '', 355, 517, 1, 1, '2022-03-19 00:00:00'),
(166, 'Hàng hóa dioghjui 698', 698, 1047, '', 598, 423, 1, 1, '2022-02-15 00:00:00'),
(167, 'Hàng hóa fgh 814', 814, 1221, '', 719, 20, 1, 1, '2022-02-25 00:00:00'),
(168, 'Hàng hóa weroiog 907', 907, 1361, '', 676, 588, 1, 1, '2022-03-23 00:00:00'),
(169, 'Hàng hóa fgh 888', 888, 1332, '', 822, 660, 1, 1, '2022-03-01 00:00:00'),
(170, 'Hàng hóa fghdfghue 873', 873, 1310, '', 380, 214, 1, 1, '2022-03-05 00:00:00'),
(171, 'Hàng hóa fgh 933', 933, 1400, '', 578, 80, 1, 1, '2022-03-02 00:00:00'),
(172, 'Hàng hóa dfgj 812', 812, 1218, '', 267, 631, 1, 1, '2022-03-04 00:00:00'),
(173, 'Hàng hóa fgh 682', 682, 1023, '', 564, 645, 1, 1, '2022-03-18 00:00:00'),
(174, 'Hàng hóa fgh 713', 713, 1070, '', 164, 569, 1, 1, '2022-02-20 00:00:00'),
(175, 'Hàng hóa qwuefghi 771', 771, 1157, '', 145, 679, 1, 1, '2022-02-02 00:00:00'),
(176, 'Hàng hóa weroiog 518', 518, 777, '', 340, 270, 1, 1, '2022-03-02 00:00:00'),
(177, 'Hàng hóa weroiog 572', 572, 858, '', 507, 443, 1, 1, '2022-03-22 00:00:00'),
(178, 'Hàng hóa asdf 1000', 1000, 1500, '', 15, 235, 1, 1, '2022-03-15 00:00:00'),
(179, 'Hàng hóa asdf 891', 891, 1337, '', 34, 151, 1, 1, '2022-02-24 00:00:00'),
(180, 'Hàng hóa fghdfghue 616', 616, 924, '', 560, 64, 1, 1, '2022-03-24 00:00:00'),
(181, 'Hàng hóa fghdfghue 606', 606, 909, '', 312, 469, 1, 1, '2022-02-10 00:00:00'),
(182, 'Hàng hóa dfgj 775', 775, 1163, '', 50, 552, 1, 1, '2022-03-14 00:00:00'),
(183, 'Hàng hóa asdf 622', 622, 933, '', 45, 5, 1, 1, '2022-02-15 00:00:00'),
(184, 'Hàng hóa asdf 605', 605, 908, '', 329, 439, 1, 1, '2022-03-03 00:00:00'),
(185, 'Hàng hóa fghdfghue 654', 654, 981, '', 471, 120, 1, 1, '2022-02-11 00:00:00'),
(186, 'Hàng hóa asdf 657', 657, 986, '', 250, 526, 1, 1, '2022-03-22 00:00:00'),
(187, 'Hàng hóa fgh 693', 693, 1040, '', 575, 430, 1, 1, '2022-03-02 00:00:00'),
(188, 'Hàng hóa fghdfghue 635', 635, 953, '', 94, 541, 1, 1, '2022-02-24 00:00:00'),
(189, 'Hàng hóa qwuefghi 979', 979, 1469, '', 28, 788, 1, 1, '2022-03-19 00:00:00'),
(190, 'Hàng hóa fgh 768', 768, 1152, '', 472, 181, 1, 1, '2022-02-17 00:00:00'),
(191, 'Hàng hóa dioghjui 537', 537, 806, '', 244, 218, 1, 1, '2022-03-21 00:00:00'),
(192, 'Hàng hóa qwuefghi 982', 982, 1473, '', 893, 30, 1, 1, '2022-02-12 00:00:00'),
(193, 'Hàng hóa weroiog 639', 639, 959, '', 141, 576, 1, 1, '2022-02-22 00:00:00'),
(194, 'Hàng hóa fgh 502', 502, 753, '', 382, 416, 1, 1, '2022-03-18 00:00:00'),
(195, 'Hàng hóa dioghjui 526', 526, 789, '', 485, 457, 1, 1, '2022-03-10 00:00:00'),
(196, 'Hàng hóa fghdfghue 773', 773, 1160, '', 307, 14, 1, 1, '2022-02-06 00:00:00'),
(197, 'Hàng hóa fgh 971', 971, 1457, '', 286, 378, 1, 1, '2022-03-08 00:00:00'),
(198, 'Hàng hóa asdf 540', 540, 810, '', 9, 210, 1, 1, '2022-02-25 00:00:00'),
(199, 'Hàng hóa asdf 600', 600, 900, '', 227, 34, 1, 1, '2022-03-20 00:00:00'),
(200, 'Hàng hóa fgh 535', 535, 803, '', 304, 104, 1, 1, '2022-02-19 00:00:00'),
(201, 'Hàng hóa qwuefghi 928', 928, 1392, '', 915, 154, 1, 1, '2022-03-25 00:00:00'),
(202, 'Hàng hóa fgh 698', 698, 1047, '', 652, 561, 1, 1, '2022-03-23 00:00:00'),
(203, 'Hàng hóa qwuefghi 646', 646, 969, '', 635, 364, 1, 1, '2022-02-02 00:00:00'),
(204, 'Hàng hóa fghdfghue 821', 821, 1232, '', 303, 678, 1, 1, '2022-03-22 00:00:00'),
(205, 'Hàng hóa asdf 717', 717, 1076, '', 660, 337, 1, 1, '2022-02-18 00:00:00'),
(206, 'Hàng hóa fghdfghue 581', 581, 872, '', 284, 523, 1, 1, '2022-03-20 00:00:00'),
(207, 'Hàng hóa dioghjui 538', 538, 807, '', 412, 244, 1, 1, '2022-03-15 00:00:00'),
(208, 'Hàng hóa fgh 640', 640, 960, '', 574, 361, 1, 1, '2022-03-08 00:00:00'),
(209, 'Hàng hóa qwuefghi 973', 973, 1460, '', 589, 421, 1, 1, '2022-02-14 00:00:00'),
(210, 'Hàng hóa fgh 709', 709, 1064, '', 259, 580, 1, 1, '2022-02-16 00:00:00'),
(211, 'Hàng hóa weroiog 512', 512, 768, '', 382, 463, 1, 1, '2022-03-08 00:00:00'),
(212, 'Hàng hóa qwuefghi 544', 544, 816, '', 507, 283, 1, 1, '2022-03-27 00:00:00'),
(213, 'Hàng hóa fgh 822', 822, 1233, '', 48, 500, 1, 1, '2022-03-27 00:00:00'),
(214, 'Hàng hóa qwuefghi 565', 565, 848, '', 191, 210, 1, 1, '2022-03-12 00:00:00'),
(215, 'Hàng hóa asdf 617', 617, 926, '', 56, 470, 1, 1, '2022-02-14 00:00:00'),
(216, 'Hàng hóa dfgj 846', 846, 1269, '', 830, 786, 1, 1, '2022-03-08 00:00:00'),
(217, 'Hàng hóa weroiog 577', 577, 866, '', 158, 355, 1, 1, '2022-02-21 00:00:00'),
(218, 'Hàng hóa dfgj 540', 540, 810, '', 427, 48, 1, 1, '2022-03-15 00:00:00'),
(219, 'Hàng hóa fghdfghue 618', 618, 927, '', 80, 388, 1, 1, '2022-02-22 00:00:00'),
(220, 'Hàng hóa fghdfghue 883', 883, 1325, '', 483, 61, 1, 1, '2022-03-24 00:00:00'),
(221, 'Hàng hóa dioghjui 970', 970, 1455, '', 27, 636, 1, 1, '2022-02-01 00:00:00'),
(222, 'Hàng hóa weroiog 569', 569, 854, '', 405, 280, 1, 1, '2022-03-09 00:00:00'),
(223, 'Hàng hóa dioghjui 539', 539, 809, '', 163, 335, 1, 1, '2022-02-05 00:00:00'),
(224, 'Hàng hóa dioghjui 865', 865, 1298, '', 841, 145, 1, 1, '2022-03-25 00:00:00'),
(225, 'Hàng hóa fghdfghue 765', 765, 1148, '', 498, 435, 1, 1, '2022-03-23 00:00:00'),
(226, 'Hàng hóa qwuefghi 961', 961, 1442, '', 177, 720, 1, 1, '2022-03-11 00:00:00'),
(227, 'Hàng hóa dfgj 656', 656, 984, '', 432, 506, 1, 1, '2022-02-04 00:00:00'),
(228, 'Hàng hóa weroiog 855', 855, 1283, '', 262, 529, 1, 1, '2022-02-08 00:00:00'),
(229, 'Hàng hóa fgh 792', 792, 1188, '', 514, 144, 1, 1, '2022-02-01 00:00:00'),
(230, 'Hàng hóa dfgj 579', 579, 869, '', 557, 223, 1, 1, '2022-02-25 00:00:00'),
(231, 'Hàng hóa dfgj 789', 789, 1184, '', 204, 43, 1, 1, '2022-03-05 00:00:00'),
(232, 'Hàng hóa qwuefghi 991', 991, 1487, '', 111, 919, 1, 1, '2022-03-15 00:00:00'),
(233, 'Hàng hóa fgh 676', 676, 1014, '', 645, 388, 1, 1, '2022-03-13 00:00:00'),
(234, 'Hàng hóa fghdfghue 666', 666, 999, '', 588, 152, 1, 1, '2022-02-04 00:00:00'),
(235, 'Hàng hóa qwuefghi 773', 773, 1160, '', 338, 336, 1, 1, '2022-02-19 00:00:00'),
(236, 'Hàng hóa fghdfghue 632', 632, 948, '', 210, 377, 1, 1, '2022-03-14 00:00:00'),
(237, 'Hàng hóa weroiog 844', 844, 1266, '', 244, 703, 1, 1, '2022-03-02 00:00:00'),
(238, 'Hàng hóa fghdfghue 871', 871, 1307, '', 869, 559, 1, 1, '2022-03-17 00:00:00'),
(239, 'Hàng hóa fgh 937', 937, 1406, '', 299, 251, 1, 1, '2022-03-26 00:00:00'),
(240, 'Hàng hóa asdf 613', 613, 920, '', 144, 609, 1, 1, '2022-02-21 00:00:00'),
(241, 'Hàng hóa weroiog 647', 647, 971, '', 415, 626, 1, 1, '2022-02-18 00:00:00'),
(242, 'Hàng hóa asdf 675', 675, 1013, '', 596, 495, 1, 1, '2022-03-03 00:00:00'),
(243, 'Hàng hóa asdf 641', 641, 962, '', 118, 354, 1, 1, '2022-03-17 00:00:00'),
(244, 'Hàng hóa dioghjui 831', 831, 1247, '', 681, 59, 1, 1, '2022-03-20 00:00:00'),
(245, 'Hàng hóa dioghjui 573', 573, 860, '', 16, 232, 1, 1, '2022-03-02 00:00:00'),
(246, 'Hàng hóa weroiog 913', 913, 1370, '', 607, 550, 1, 1, '2022-02-26 00:00:00'),
(247, 'Hàng hóa dioghjui 707', 707, 1061, '', 79, 345, 1, 1, '2022-03-01 00:00:00'),
(248, 'Hàng hóa asdf 631', 631, 947, '', 172, 415, 1, 1, '2022-03-25 00:00:00'),
(249, 'Hàng hóa fgh 797', 797, 1196, '', 631, 296, 1, 1, '2022-02-07 00:00:00'),
(250, 'Hàng hóa weroiog 954', 954, 1431, '', 397, 758, 1, 1, '2022-02-01 00:00:00'),
(251, 'Hàng hóa fghdfghue 538', 538, 807, '', 216, 247, 1, 1, '2022-03-08 00:00:00'),
(252, 'Hàng hóa fgh 908', 908, 1362, '', 441, 252, 1, 1, '2022-02-21 00:00:00'),
(253, 'Hàng hóa dfgj 749', 749, 1124, '', 313, 131, 1, 1, '2022-02-21 00:00:00'),
(254, 'Hàng hóa weroiog 713', 713, 1070, '', 381, 542, 1, 1, '2022-02-12 00:00:00'),
(255, 'Hàng hóa weroiog 656', 656, 984, '', 151, 557, 1, 1, '2022-03-20 00:00:00'),
(256, 'Hàng hóa asdf 696', 696, 1044, '', 99, 685, 1, 1, '2022-03-17 00:00:00'),
(257, 'Hàng hóa weroiog 761', 761, 1142, '', 597, 484, 1, 1, '2022-02-13 00:00:00'),
(258, 'Hàng hóa fgh 573', 573, 860, '', 536, 38, 1, 1, '2022-02-16 00:00:00'),
(259, 'Hàng hóa qwuefghi 570', 570, 855, '', 124, 186, 1, 1, '2022-02-24 00:00:00'),
(260, 'Hàng hóa qwuefghi 715', 715, 1073, '', 664, 42, 1, 1, '2022-03-20 00:00:00'),
(261, 'Hàng hóa weroiog 874', 874, 1311, '', 866, 831, 1, 1, '2022-02-20 00:00:00'),
(262, 'Hàng hóa asdf 540', 540, 810, '', 304, 134, 1, 1, '2022-02-19 00:00:00'),
(263, 'Hàng hóa asdf 639', 639, 959, '', 273, 116, 1, 1, '2022-02-17 00:00:00'),
(264, 'Hàng hóa qwuefghi 601', 601, 902, '', 344, 346, 1, 1, '2022-02-18 00:00:00'),
(265, 'Hàng hóa fghdfghue 655', 655, 983, '', 540, 462, 1, 1, '2022-02-14 00:00:00'),
(266, 'Hàng hóa fgh 571', 571, 857, '', 547, 497, 1, 1, '2022-02-01 00:00:00'),
(267, 'Hàng hóa dioghjui 874', 874, 1311, '', 206, 212, 1, 1, '2022-03-15 00:00:00'),
(268, 'Hàng hóa fghdfghue 916', 916, 1374, '', 436, 412, 1, 1, '2022-03-10 00:00:00'),
(269, 'Hàng hóa dfgj 505', 505, 758, '', 161, 364, 1, 1, '2022-02-04 00:00:00'),
(270, 'Hàng hóa dfgj 823', 823, 1235, '', 198, 585, 1, 1, '2022-03-16 00:00:00'),
(271, 'Hàng hóa weroiog 778', 778, 1167, '', 750, 436, 1, 1, '2022-03-08 00:00:00'),
(272, 'Hàng hóa weroiog 660', 660, 990, '', 72, 157, 1, 1, '2022-03-25 00:00:00'),
(273, 'Hàng hóa asdf 979', 979, 1469, '', 516, 794, 1, 1, '2022-02-21 00:00:00'),
(274, 'Hàng hóa weroiog 853', 853, 1280, '', 847, 646, 1, 1, '2022-03-21 00:00:00'),
(275, 'Hàng hóa asdf 683', 683, 1025, '', 438, 225, 1, 1, '2022-03-25 00:00:00'),
(276, 'Hàng hóa fgh 859', 859, 1289, '', 71, 827, 1, 1, '2022-03-17 00:00:00'),
(277, 'Hàng hóa dfgj 670', 670, 1005, '', 623, 424, 1, 1, '2022-03-20 00:00:00'),
(278, 'Hàng hóa asdf 991', 991, 1487, '', 214, 801, 1, 1, '2022-03-04 00:00:00'),
(279, 'Hàng hóa fghdfghue 812', 812, 1218, '', 511, 730, 1, 1, '2022-02-16 00:00:00'),
(280, 'Hàng hóa weroiog 631', 631, 947, '', 331, 140, 1, 1, '2022-03-06 00:00:00'),
(281, 'Hàng hóa weroiog 716', 716, 1074, '', 363, 373, 1, 1, '2022-02-09 00:00:00'),
(282, 'Hàng hóa qwuefghi 621', 621, 932, '', 555, 524, 1, 1, '2022-03-03 00:00:00'),
(283, 'Hàng hóa qwuefghi 825', 825, 1238, '', 177, 103, 1, 1, '2022-02-03 00:00:00'),
(284, 'Hàng hóa qwuefghi 918', 918, 1377, '', 795, 692, 1, 1, '2022-02-23 00:00:00'),
(285, 'Hàng hóa qwuefghi 853', 853, 1280, '', 151, 388, 1, 1, '2022-03-17 00:00:00'),
(286, 'Hàng hóa dfgj 895', 895, 1343, '', 125, 704, 1, 1, '2022-02-20 00:00:00'),
(287, 'Hàng hóa dioghjui 933', 933, 1400, '', 391, 553, 1, 1, '2022-03-19 00:00:00'),
(288, 'Hàng hóa asdf 890', 890, 1335, '', 138, 228, 1, 1, '2022-02-12 00:00:00'),
(289, 'Hàng hóa fghdfghue 608', 608, 912, '', 82, 96, 1, 1, '2022-03-23 00:00:00'),
(290, 'Hàng hóa asdf 846', 846, 1269, '', 521, 321, 1, 1, '2022-03-07 00:00:00'),
(291, 'Hàng hóa fghdfghue 829', 829, 1244, '', 739, 360, 1, 1, '2022-03-17 00:00:00'),
(292, 'Hàng hóa dioghjui 634', 634, 951, '', 563, 306, 1, 1, '2022-03-18 00:00:00'),
(293, 'Hàng hóa qwuefghi 901', 901, 1352, '', 610, 823, 1, 1, '2022-03-10 00:00:00'),
(294, 'Hàng hóa dioghjui 907', 907, 1361, '', 177, 172, 1, 1, '2022-02-25 00:00:00'),
(295, 'Hàng hóa dioghjui 511', 511, 767, '', 274, 478, 1, 1, '2022-03-07 00:00:00'),
(296, 'Hàng hóa weroiog 545', 545, 818, '', 64, 129, 1, 1, '2022-02-22 00:00:00'),
(297, 'Hàng hóa weroiog 626', 626, 939, '', 165, 147, 1, 1, '2022-03-24 00:00:00'),
(298, 'Hàng hóa asdf 927', 927, 1391, '', 500, 483, 1, 1, '2022-02-14 00:00:00'),
(299, 'Hàng hóa fgh 628', 628, 942, '', 591, 409, 1, 1, '2022-03-07 00:00:00'),
(300, 'Hàng hóa asdf 788', 788, 1182, '', 168, 775, 1, 1, '2022-02-05 00:00:00'),
(301, 'Hàng hóa fgh 990', 990, 1485, '', 573, 348, 1, 1, '2022-03-15 00:00:00'),
(302, 'Hàng hóa weroiog 831', 831, 1247, '', 76, 711, 1, 1, '2022-03-16 00:00:00'),
(303, 'Hàng hóa dioghjui 954', 954, 1431, '', 773, 739, 1, 1, '2022-03-18 00:00:00'),
(304, 'Hàng hóa weroiog 908', 908, 1362, '', 56, 365, 1, 1, '2022-02-02 00:00:00'),
(305, 'Hàng hóa fghdfghue 888', 888, 1332, '', 704, 531, 1, 1, '2022-03-04 00:00:00'),
(306, 'Hàng hóa dfgj 854', 854, 1281, '', 120, 736, 1, 1, '2022-02-13 00:00:00'),
(307, 'Hàng hóa dioghjui 561', 561, 842, '', 483, 244, 1, 1, '2022-02-18 00:00:00'),
(308, 'Hàng hóa qwuefghi 583', 583, 875, '', 73, 448, 1, 1, '2022-03-21 00:00:00'),
(309, 'Hàng hóa weroiog 772', 772, 1158, '', 648, 310, 1, 1, '2022-03-24 00:00:00'),
(310, 'Hàng hóa fgh 524', 524, 786, '', 166, 435, 1, 1, '2022-03-14 00:00:00'),
(311, 'Hàng hóa weroiog 718', 718, 1077, '', 175, 650, 1, 1, '2022-02-16 00:00:00'),
(312, 'Hàng hóa dioghjui 718', 718, 1077, '', 383, 656, 1, 1, '2022-02-11 00:00:00'),
(313, 'Hàng hóa dfgj 676', 676, 1014, '', 274, 455, 1, 1, '2022-02-15 00:00:00'),
(314, 'Hàng hóa fghdfghue 747', 747, 1121, '', 672, 591, 1, 1, '2022-03-24 00:00:00'),
(315, 'Hàng hóa dioghjui 775', 775, 1163, '', 269, 71, 1, 1, '2022-03-23 00:00:00'),
(316, 'Hàng hóa qwuefghi 740', 740, 1110, '', 239, 701, 1, 1, '2022-03-27 00:00:00'),
(317, 'Hàng hóa dioghjui 505', 505, 758, '', 499, 329, 1, 1, '2022-02-14 00:00:00'),
(318, 'Hàng hóa dioghjui 849', 849, 1274, '', 302, 113, 1, 1, '2022-03-10 00:00:00'),
(319, 'Hàng hóa weroiog 518', 518, 777, '', 177, 159, 1, 1, '2022-03-22 00:00:00'),
(320, 'Hàng hóa fghdfghue 608', 608, 912, '', 116, 596, 1, 1, '2022-02-05 00:00:00'),
(321, 'Hàng hóa fgh 830', 830, 1245, '', 687, 808, 1, 1, '2022-02-20 00:00:00'),
(322, 'Hàng hóa weroiog 738', 738, 1107, '', 614, 2, 1, 1, '2022-02-01 00:00:00'),
(323, 'Hàng hóa fgh 826', 826, 1239, '', 107, 753, 1, 1, '2022-02-19 00:00:00'),
(324, 'Hàng hóa fghdfghue 817', 817, 1226, '', 319, 284, 1, 1, '2022-02-03 00:00:00'),
(325, 'Hàng hóa qwuefghi 606', 606, 909, '', 100, 329, 1, 1, '2022-02-22 00:00:00'),
(326, 'Hàng hóa dioghjui 512', 512, 768, '', 448, 459, 1, 1, '2022-03-22 00:00:00'),
(327, 'Hàng hóa dfgj 917', 917, 1376, '', 767, 227, 1, 1, '2022-03-06 00:00:00'),
(328, 'Hàng hóa fghdfghue 641', 641, 962, '', 425, 244, 1, 1, '2022-03-26 00:00:00'),
(329, 'Hàng hóa dioghjui 627', 627, 941, '', 163, 422, 1, 1, '2022-02-16 00:00:00'),
(330, 'Hàng hóa fgh 911', 911, 1367, '', 583, 816, 1, 1, '2022-03-19 00:00:00'),
(331, 'Hàng hóa asdf 842', 842, 1263, '', 53, 429, 1, 1, '2022-02-09 00:00:00'),
(332, 'Hàng hóa qwuefghi 885', 885, 1328, '', 215, 91, 1, 1, '2022-03-10 00:00:00'),
(333, 'Hàng hóa dioghjui 597', 597, 896, '', 295, 127, 1, 1, '2022-03-25 00:00:00'),
(334, 'Hàng hóa qwuefghi 925', 925, 1388, '', 27, 506, 1, 1, '2022-03-16 00:00:00'),
(335, 'Hàng hóa fghdfghue 926', 926, 1389, '', 54, 421, 1, 1, '2022-02-08 00:00:00'),
(336, 'Hàng hóa qwuefghi 631', 631, 947, '', 537, 595, 1, 1, '2022-02-06 00:00:00'),
(337, 'Hàng hóa fghdfghue 880', 880, 1320, '', 642, 327, 1, 1, '2022-02-11 00:00:00'),
(338, 'Hàng hóa weroiog 587', 587, 881, '', 312, 402, 1, 1, '2022-02-14 00:00:00'),
(339, 'Hàng hóa fghdfghue 572', 572, 858, '', 480, 534, 1, 1, '2022-02-19 00:00:00'),
(340, 'Hàng hóa dfgj 765', 765, 1148, '', 663, 405, 1, 1, '2022-03-26 00:00:00'),
(341, 'Hàng hóa fgh 885', 885, 1328, '', 571, 580, 1, 1, '2022-02-25 00:00:00'),
(342, 'Hàng hóa weroiog 828', 828, 1242, '', 494, 19, 1, 1, '2022-02-18 00:00:00'),
(343, 'Hàng hóa dioghjui 508', 508, 762, '', 375, 429, 1, 1, '2022-03-04 00:00:00'),
(344, 'Hàng hóa dioghjui 662', 662, 993, '', 528, 456, 1, 1, '2022-03-17 00:00:00'),
(345, 'Hàng hóa asdf 568', 568, 852, '', 38, 33, 1, 1, '2022-03-03 00:00:00'),
(346, 'Hàng hóa dfgj 988', 988, 1482, '', 744, 790, 1, 1, '2022-03-20 00:00:00'),
(347, 'Hàng hóa dfgj 637', 637, 956, '', 160, 621, 1, 1, '2022-03-19 00:00:00'),
(348, 'Hàng hóa fgh 952', 952, 1428, '', 218, 667, 1, 1, '2022-02-13 00:00:00'),
(349, 'Hàng hóa fgh 809', 809, 1214, '', 463, 790, 1, 1, '2022-03-27 00:00:00'),
(350, 'Hàng hóa weroiog 569', 569, 854, '', 3, 417, 1, 1, '2022-03-03 00:00:00'),
(351, 'Hàng hóa weroiog 668', 668, 1002, '', 601, 599, 1, 1, '2022-02-06 00:00:00'),
(352, 'Hàng hóa dfgj 536', 536, 804, '', 195, 243, 1, 1, '2022-02-10 00:00:00'),
(353, 'Hàng hóa dioghjui 603', 603, 905, '', 67, 277, 1, 1, '2022-02-10 00:00:00'),
(354, 'Hàng hóa asdf 571', 571, 857, '', 449, 202, 1, 1, '2022-03-15 00:00:00'),
(355, 'Hàng hóa weroiog 619', 619, 929, '', 93, 303, 1, 1, '2022-03-06 00:00:00'),
(356, 'Hàng hóa weroiog 774', 774, 1161, '', 517, 370, 1, 1, '2022-03-21 00:00:00'),
(357, 'Hàng hóa dioghjui 710', 710, 1065, '', 337, 498, 1, 1, '2022-02-09 00:00:00'),
(358, 'Hàng hóa qwuefghi 834', 834, 1251, '', 735, 649, 1, 1, '2022-03-08 00:00:00'),
(359, 'Hàng hóa weroiog 764', 764, 1146, '', 29, 94, 1, 1, '2022-02-19 00:00:00'),
(360, 'Hàng hóa dfgj 598', 598, 897, '', 335, 271, 1, 1, '2022-03-19 00:00:00'),
(361, 'Hàng hóa fgh 928', 928, 1392, '', 794, 498, 1, 1, '2022-02-16 00:00:00'),
(362, 'Hàng hóa asdf 617', 617, 926, '', 2, 525, 1, 1, '2022-03-25 00:00:00'),
(363, 'Hàng hóa qwuefghi 823', 823, 1235, '', 258, 718, 1, 1, '2022-02-10 00:00:00'),
(364, 'Hàng hóa asdf 873', 873, 1310, '', 365, 829, 1, 1, '2022-03-04 00:00:00'),
(365, 'Hàng hóa weroiog 838', 838, 1257, '', 177, 362, 1, 1, '2022-03-10 00:00:00'),
(366, 'Hàng hóa asdf 905', 905, 1358, '', 452, 307, 1, 1, '2022-03-07 00:00:00'),
(367, 'Hàng hóa weroiog 788', 788, 1182, '', 657, 488, 1, 1, '2022-02-09 00:00:00'),
(368, 'Hàng hóa asdf 532', 532, 798, '', 481, 482, 1, 1, '2022-03-27 00:00:00'),
(369, 'Hàng hóa asdf 533', 533, 800, '', 402, 172, 1, 1, '2022-02-02 00:00:00'),
(370, 'Hàng hóa asdf 801', 801, 1202, '', 140, 19, 1, 1, '2022-02-05 00:00:00'),
(371, 'Hàng hóa dfgj 841', 841, 1262, '', 302, 12, 1, 1, '2022-03-14 00:00:00'),
(372, 'Hàng hóa weroiog 797', 797, 1196, '', 366, 135, 1, 1, '2022-03-14 00:00:00'),
(373, 'Hàng hóa dioghjui 687', 687, 1031, '', 490, 393, 1, 1, '2022-02-17 00:00:00'),
(374, 'Hàng hóa dfgj 599', 599, 899, '', 220, 245, 1, 1, '2022-03-15 00:00:00'),
(375, 'Hàng hóa weroiog 969', 969, 1454, '', 406, 370, 1, 1, '2022-03-03 00:00:00'),
(376, 'Hàng hóa dioghjui 814', 814, 1221, '', 465, 428, 1, 1, '2022-02-08 00:00:00'),
(377, 'Hàng hóa weroiog 678', 678, 1017, '', 353, 256, 1, 1, '2022-03-12 00:00:00'),
(378, 'Hàng hóa qwuefghi 671', 671, 1007, '', 384, 341, 1, 1, '2022-03-09 00:00:00'),
(379, 'Hàng hóa fghdfghue 837', 837, 1256, '', 528, 461, 1, 1, '2022-03-21 00:00:00'),
(380, 'Hàng hóa fgh 932', 932, 1398, '', 316, 810, 1, 1, '2022-02-26 00:00:00'),
(381, 'Hàng hóa fghdfghue 666', 666, 999, '', 257, 600, 1, 1, '2022-03-06 00:00:00'),
(382, 'Hàng hóa dfgj 836', 836, 1254, '', 416, 504, 1, 1, '2022-02-01 00:00:00'),
(383, 'Hàng hóa fghdfghue 842', 842, 1263, '', 484, 705, 1, 1, '2022-02-22 00:00:00'),
(384, 'Hàng hóa fghdfghue 523', 523, 785, '', 384, 377, 1, 1, '2022-03-10 00:00:00'),
(385, 'Hàng hóa dioghjui 876', 876, 1314, '', 437, 140, 1, 1, '2022-02-16 00:00:00'),
(386, 'Hàng hóa dfgj 755', 755, 1133, '', 735, 77, 1, 1, '2022-02-07 00:00:00'),
(387, 'Hàng hóa fgh 813', 813, 1220, '', 219, 172, 1, 1, '2022-02-09 00:00:00'),
(388, 'Hàng hóa weroiog 999', 999, 1499, '', 633, 488, 1, 1, '2022-03-06 00:00:00'),
(389, 'Hàng hóa dioghjui 851', 851, 1277, '', 673, 408, 1, 1, '2022-02-18 00:00:00'),
(390, 'Hàng hóa fgh 859', 859, 1289, '', 849, 720, 1, 1, '2022-02-02 00:00:00'),
(391, 'Hàng hóa qwuefghi 882', 882, 1323, '', 403, 137, 1, 1, '2022-03-09 00:00:00'),
(392, 'Hàng hóa fgh 597', 597, 896, '', 317, 154, 1, 1, '2022-02-05 00:00:00'),
(393, 'Hàng hóa weroiog 622', 622, 933, '', 184, 430, 1, 1, '2022-03-13 00:00:00'),
(394, 'Hàng hóa fgh 539', 539, 809, '', 39, 418, 1, 1, '2022-02-12 00:00:00'),
(395, 'Hàng hóa asdf 963', 963, 1445, '', 18, 152, 1, 1, '2022-02-16 00:00:00'),
(396, 'Hàng hóa fghdfghue 849', 849, 1274, '', 754, 502, 1, 1, '2022-03-16 00:00:00'),
(397, 'Hàng hóa fghdfghue 958', 958, 1437, '', 169, 317, 1, 1, '2022-02-16 00:00:00'),
(398, 'Hàng hóa fghdfghue 758', 758, 1137, '', 461, 100, 1, 1, '2022-03-12 00:00:00'),
(399, 'Hàng hóa asdf 870', 870, 1305, '', 554, 592, 1, 1, '2022-03-02 00:00:00'),
(400, 'Hàng hóa asdf 822', 822, 1233, '', 515, 621, 1, 1, '2022-03-09 00:00:00'),
(401, 'Hàng hóa asdf 644', 644, 966, '', 480, 370, 1, 1, '2022-03-13 00:00:00'),
(402, 'Hàng hóa asdf 847', 847, 1271, '', 469, 594, 1, 1, '2022-02-20 00:00:00'),
(403, 'Hàng hóa fghdfghue 640', 640, 960, '', 487, 239, 1, 1, '2022-03-13 00:00:00'),
(404, 'Hàng hóa fgh 688', 688, 1032, '', 627, 20, 1, 1, '2022-03-10 00:00:00'),
(405, 'Hàng hóa dioghjui 513', 513, 770, '', 502, 387, 1, 1, '2022-02-21 00:00:00'),
(406, 'Hàng hóa weroiog 535', 535, 803, '', 475, 72, 1, 1, '2022-02-27 00:00:00'),
(407, 'Hàng hóa weroiog 929', 929, 1394, '', 527, 364, 1, 1, '2022-02-09 00:00:00'),
(408, 'Hàng hóa dfgj 647', 647, 971, '', 248, 512, 1, 1, '2022-02-11 00:00:00'),
(409, 'Hàng hóa weroiog 587', 587, 881, '', 417, 551, 1, 1, '2022-02-18 00:00:00'),
(410, 'Hàng hóa dioghjui 776', 776, 1164, '', 159, 240, 1, 1, '2022-03-18 00:00:00'),
(411, 'Hàng hóa fgh 745', 745, 1118, '', 443, 130, 1, 1, '2022-03-25 00:00:00'),
(412, 'Hàng hóa weroiog 862', 862, 1293, '', 305, 562, 1, 1, '2022-02-25 00:00:00'),
(413, 'Hàng hóa fgh 735', 735, 1103, '', 177, 186, 1, 1, '2022-03-27 00:00:00'),
(414, 'Hàng hóa fgh 503', 503, 755, '', 100, 132, 1, 1, '2022-03-08 00:00:00'),
(415, 'Hàng hóa asdf 780', 780, 1170, '', 313, 451, 1, 1, '2022-02-23 00:00:00'),
(416, 'Hàng hóa dioghjui 962', 962, 1443, '', 416, 204, 1, 1, '2022-03-18 00:00:00'),
(417, 'Hàng hóa asdf 623', 623, 935, '', 58, 527, 1, 1, '2022-02-18 00:00:00'),
(418, 'Hàng hóa dioghjui 707', 707, 1061, '', 596, 147, 1, 1, '2022-02-05 00:00:00'),
(419, 'Hàng hóa weroiog 834', 834, 1251, '', 688, 14, 1, 1, '2022-03-05 00:00:00'),
(420, 'Hàng hóa fgh 818', 818, 1227, '', 331, 800, 1, 1, '2022-03-10 00:00:00'),
(421, 'Hàng hóa asdf 926', 926, 1389, '', 513, 813, 1, 1, '2022-02-18 00:00:00'),
(422, 'Hàng hóa fgh 935', 935, 1403, '', 894, 915, 1, 1, '2022-03-09 00:00:00'),
(423, 'Hàng hóa asdf 601', 601, 902, '', 334, 312, 1, 1, '2022-02-07 00:00:00'),
(424, 'Hàng hóa weroiog 624', 624, 936, '', 113, 213, 1, 1, '2022-03-08 00:00:00'),
(425, 'Hàng hóa asdf 640', 640, 960, '', 367, 522, 1, 1, '2022-02-24 00:00:00'),
(426, 'Hàng hóa weroiog 979', 979, 1469, '', 630, 41, 1, 1, '2022-03-19 00:00:00'),
(427, 'Hàng hóa weroiog 690', 690, 1035, '', 645, 557, 1, 1, '2022-03-07 00:00:00'),
(428, 'Hàng hóa dfgj 704', 704, 1056, '', 659, 695, 1, 1, '2022-03-11 00:00:00'),
(429, 'Hàng hóa qwuefghi 590', 590, 885, '', 229, 32, 1, 1, '2022-02-01 00:00:00'),
(430, 'Hàng hóa asdf 604', 604, 906, '', 36, 309, 1, 1, '2022-03-11 00:00:00'),
(431, 'Hàng hóa dioghjui 989', 989, 1484, '', 23, 31, 1, 1, '2022-03-11 00:00:00'),
(432, 'Hàng hóa asdf 802', 802, 1203, '', 3, 177, 1, 1, '2022-03-07 00:00:00'),
(433, 'Hàng hóa dfgj 721', 721, 1082, '', 172, 686, 1, 1, '2022-02-07 00:00:00'),
(434, 'Hàng hóa qwuefghi 884', 884, 1326, '', 258, 537, 1, 1, '2022-03-16 00:00:00'),
(435, 'Hàng hóa fgh 752', 752, 1128, '', 424, 228, 1, 1, '2022-02-01 00:00:00'),
(436, 'Hàng hóa qwuefghi 632', 632, 948, '', 465, 451, 1, 1, '2022-02-16 00:00:00'),
(437, 'Hàng hóa dfgj 804', 804, 1206, '', 123, 514, 1, 1, '2022-02-25 00:00:00'),
(438, 'Hàng hóa fgh 783', 783, 1175, '', 491, 332, 1, 1, '2022-03-17 00:00:00'),
(439, 'Hàng hóa qwuefghi 908', 908, 1362, '', 90, 323, 1, 1, '2022-03-05 00:00:00'),
(440, 'Hàng hóa dfgj 716', 716, 1074, '', 401, 695, 1, 1, '2022-02-25 00:00:00'),
(441, 'Hàng hóa fgh 793', 793, 1190, '', 227, 440, 1, 1, '2022-02-21 00:00:00'),
(442, 'Hàng hóa fghdfghue 680', 680, 1020, '', 581, 417, 1, 1, '2022-03-01 00:00:00'),
(443, 'Hàng hóa weroiog 783', 783, 1175, '', 242, 307, 1, 1, '2022-02-17 00:00:00'),
(444, 'Hàng hóa fghdfghue 780', 780, 1170, '', 601, 276, 1, 1, '2022-03-21 00:00:00'),
(445, 'Hàng hóa dfgj 883', 883, 1325, '', 598, 595, 1, 1, '2022-03-17 00:00:00'),
(446, 'Hàng hóa qwuefghi 804', 804, 1206, '', 404, 590, 1, 1, '2022-03-15 00:00:00'),
(447, 'Hàng hóa dfgj 809', 809, 1214, '', 53, 158, 1, 1, '2022-02-23 00:00:00'),
(448, 'Hàng hóa fghdfghue 588', 588, 882, '', 113, 267, 1, 1, '2022-03-17 00:00:00'),
(449, 'Hàng hóa asdf 679', 679, 1019, '', 357, 405, 1, 1, '2022-02-18 00:00:00'),
(450, 'Hàng hóa dioghjui 800', 800, 1200, '', 600, 423, 1, 1, '2022-02-12 00:00:00'),
(451, 'Hàng hóa fgh 536', 536, 804, '', 345, 267, 1, 1, '2022-03-08 00:00:00'),
(452, 'Hàng hóa dfgj 640', 640, 960, '', 507, 350, 1, 1, '2022-03-22 00:00:00'),
(453, 'Hàng hóa dioghjui 757', 757, 1136, '', 132, 732, 1, 1, '2022-03-20 00:00:00'),
(454, 'Hàng hóa dfgj 529', 529, 794, '', 209, 18, 1, 1, '2022-02-06 00:00:00'),
(455, 'Hàng hóa fghdfghue 554', 554, 831, '', 468, 51, 1, 1, '2022-03-07 00:00:00'),
(456, 'Hàng hóa fgh 915', 915, 1373, '', 50, 408, 1, 1, '2022-03-13 00:00:00'),
(457, 'Hàng hóa fgh 866', 866, 1299, '', 601, 632, 1, 1, '2022-02-07 00:00:00'),
(458, 'Hàng hóa dioghjui 745', 745, 1118, '', 577, 441, 1, 1, '2022-03-05 00:00:00'),
(459, 'Hàng hóa fgh 972', 972, 1458, '', 965, 866, 1, 1, '2022-03-14 00:00:00'),
(460, 'Hàng hóa dioghjui 565', 565, 848, '', 485, 22, 1, 1, '2022-03-11 00:00:00'),
(461, 'Hàng hóa weroiog 735', 735, 1103, '', 419, 325, 1, 1, '2022-03-11 00:00:00'),
(462, 'Hàng hóa asdf 678', 678, 1017, '', 1, 429, 1, 1, '2022-02-11 00:00:00'),
(463, 'Hàng hóa asdf 848', 848, 1272, '', 799, 553, 1, 1, '2022-02-06 00:00:00'),
(464, 'Hàng hóa asdf 840', 840, 1260, '', 681, 665, 1, 1, '2022-03-13 00:00:00'),
(465, 'Hàng hóa asdf 732', 732, 1098, '', 521, 149, 1, 1, '2022-02-24 00:00:00'),
(466, 'Hàng hóa qwuefghi 844', 844, 1266, '', 157, 439, 1, 1, '2022-02-11 00:00:00'),
(467, 'Hàng hóa fgh 564', 564, 846, '', 493, 555, 1, 1, '2022-03-27 00:00:00'),
(468, 'Hàng hóa fgh 737', 737, 1106, '', 281, 200, 1, 1, '2022-03-24 00:00:00'),
(469, 'Hàng hóa fgh 577', 577, 866, '', 456, 444, 1, 1, '2022-02-16 00:00:00'),
(470, 'Hàng hóa dfgj 671', 671, 1007, '', 587, 471, 1, 1, '2022-03-04 00:00:00'),
(471, 'Hàng hóa dfgj 598', 598, 897, '', 447, 549, 1, 1, '2022-02-22 00:00:00'),
(472, 'Hàng hóa dfgj 984', 984, 1476, '', 233, 700, 1, 1, '2022-02-05 00:00:00'),
(473, 'Hàng hóa dfgj 868', 868, 1302, '', 216, 847, 1, 1, '2022-03-23 00:00:00'),
(474, 'Hàng hóa dioghjui 737', 737, 1106, '', 87, 367, 1, 1, '2022-02-12 00:00:00'),
(475, 'Hàng hóa fgh 579', 579, 869, '', 568, 489, 1, 1, '2022-03-07 00:00:00'),
(476, 'Hàng hóa fgh 782', 782, 1173, '', 328, 382, 1, 1, '2022-02-07 00:00:00'),
(477, 'Hàng hóa qwuefghi 912', 912, 1368, '', 556, 624, 1, 1, '2022-03-18 00:00:00'),
(478, 'Hàng hóa fgh 922', 922, 1383, '', 861, 848, 1, 1, '2022-03-07 00:00:00'),
(479, 'Hàng hóa weroiog 759', 759, 1139, '', 635, 614, 1, 1, '2022-02-11 00:00:00'),
(480, 'Hàng hóa dfgj 819', 819, 1229, '', 789, 667, 1, 1, '2022-03-16 00:00:00'),
(481, 'Hàng hóa dfgj 935', 935, 1403, '', 393, 610, 1, 1, '2022-03-18 00:00:00'),
(482, 'Hàng hóa dioghjui 554', 554, 831, '', 507, 221, 1, 1, '2022-03-12 00:00:00'),
(483, 'Hàng hóa qwuefghi 549', 549, 824, '', 224, 392, 1, 1, '2022-02-22 00:00:00'),
(484, 'Hàng hóa dfgj 525', 525, 788, '', 137, 59, 1, 1, '2022-02-24 00:00:00'),
(485, 'Hàng hóa dioghjui 772', 772, 1158, '', 138, 300, 1, 1, '2022-02-05 00:00:00'),
(486, 'Hàng hóa fgh 547', 547, 821, '', 350, 288, 1, 1, '2022-02-09 00:00:00'),
(487, 'Hàng hóa weroiog 905', 905, 1358, '', 114, 199, 1, 1, '2022-02-27 00:00:00'),
(488, 'Hàng hóa dfgj 865', 865, 1298, '', 309, 2, 1, 1, '2022-03-15 00:00:00'),
(489, 'Hàng hóa asdf 937', 937, 1406, '', 437, 9, 1, 1, '2022-02-05 00:00:00'),
(490, 'Hàng hóa qwuefghi 541', 541, 812, '', 225, 370, 1, 1, '2022-03-21 00:00:00'),
(491, 'Hàng hóa qwuefghi 902', 902, 1353, '', 738, 595, 1, 1, '2022-03-05 00:00:00'),
(492, 'Hàng hóa fgh 611', 611, 917, '', 510, 479, 1, 1, '2022-02-23 00:00:00'),
(493, 'Hàng hóa dioghjui 844', 844, 1266, '', 756, 385, 1, 1, '2022-03-10 00:00:00'),
(494, 'Hàng hóa dioghjui 975', 975, 1463, '', 316, 312, 1, 1, '2022-02-06 00:00:00'),
(495, 'Hàng hóa asdf 840', 840, 1260, '', 160, 816, 1, 1, '2022-03-24 00:00:00'),
(496, 'Hàng hóa dioghjui 864', 864, 1296, '', 306, 752, 1, 1, '2022-02-09 00:00:00'),
(497, 'Hàng hóa qwuefghi 568', 568, 852, '', 529, 490, 1, 1, '2022-03-26 00:00:00'),
(498, 'Hàng hóa fghdfghue 658', 658, 987, '', 348, 296, 1, 1, '2022-03-13 00:00:00'),
(499, 'Hàng hóa weroiog 552', 552, 828, '', 552, 152, 1, 1, '2022-02-10 00:00:00'),
(500, 'Hàng hóa fghdfghue 555', 555, 833, '', 375, 182, 1, 1, '2022-03-01 00:00:00'),
(501, 'Hàng hóa asdf 540', 540, 810, '', 333, 246, 1, 1, '2022-03-03 00:00:00'),
(502, 'Hàng hóa qwuefghi 870', 870, 1305, '', 824, 14, 1, 1, '2022-02-01 00:00:00'),
(503, 'Hàng hóa fghdfghue 560', 560, 840, '', 5, 151, 1, 1, '2022-02-18 00:00:00'),
(504, 'Hàng hóa dioghjui 616', 616, 924, '', 376, 552, 1, 1, '2022-02-22 00:00:00'),
(505, 'Hàng hóa fgh 829', 829, 1244, '', 621, 164, 1, 1, '2022-03-08 00:00:00'),
(506, 'Hàng hóa weroiog 987', 987, 1481, '', 326, 705, 1, 1, '2022-03-21 00:00:00'),
(507, 'Hàng hóa fghdfghue 763', 763, 1145, '', 14, 508, 1, 1, '2022-02-15 00:00:00'),
(508, 'Hàng hóa asdf 512', 512, 768, '', 479, 461, 1, 1, '2022-03-22 00:00:00'),
(509, 'Hàng hóa fghdfghue 643', 643, 965, '', 12, 505, 1, 1, '2022-03-17 00:00:00'),
(510, 'Hàng hóa weroiog 635', 635, 953, '', 580, 171, 1, 1, '2022-02-05 00:00:00'),
(511, 'Hàng hóa dioghjui 512', 512, 768, '', 244, 287, 1, 1, '2022-02-05 00:00:00'),
(512, 'Hàng hóa qwuefghi 520', 520, 780, '', 351, 499, 1, 1, '2022-03-25 00:00:00'),
(513, 'Hàng hóa fgh 747', 747, 1121, '', 487, 434, 1, 1, '2022-03-20 00:00:00'),
(514, 'Hàng hóa dfgj 949', 949, 1424, '', 606, 567, 1, 1, '2022-02-25 00:00:00'),
(515, 'Hàng hóa asdf 544', 544, 816, '', 440, 70, 1, 1, '2022-02-21 00:00:00'),
(516, 'Hàng hóa qwuefghi 871', 871, 1307, '', 550, 10, 1, 1, '2022-02-25 00:00:00'),
(517, 'Hàng hóa asdf 773', 773, 1160, '', 143, 122, 1, 1, '2022-02-04 00:00:00'),
(518, 'Hàng hóa qwuefghi 565', 565, 848, '', 373, 205, 1, 1, '2022-02-15 00:00:00'),
(519, 'Hàng hóa asdf 864', 864, 1296, '', 652, 393, 1, 1, '2022-03-22 00:00:00'),
(520, 'Hàng hóa asdf 786', 786, 1179, '', 163, 417, 1, 1, '2022-03-23 00:00:00'),
(521, 'Hàng hóa dioghjui 587', 587, 881, '', 389, 9, 1, 1, '2022-03-01 00:00:00'),
(522, 'Hàng hóa dioghjui 872', 872, 1308, '', 166, 553, 1, 1, '2022-02-08 00:00:00'),
(523, 'Hàng hóa dioghjui 566', 566, 849, '', 232, 283, 1, 1, '2022-02-05 00:00:00'),
(524, 'Hàng hóa dfgj 582', 582, 873, '', 454, 543, 1, 1, '2022-02-19 00:00:00'),
(525, 'Hàng hóa asdf 617', 617, 926, '', 364, 457, 1, 1, '2022-02-23 00:00:00'),
(526, 'Hàng hóa dfgj 867', 867, 1301, '', 241, 21, 1, 1, '2022-03-12 00:00:00'),
(527, 'Hàng hóa fgh 878', 878, 1317, '', 789, 275, 1, 1, '2022-03-19 00:00:00'),
(528, 'Hàng hóa dioghjui 927', 927, 1391, '', 292, 211, 1, 1, '2022-03-19 00:00:00'),
(529, 'Hàng hóa fgh 739', 739, 1109, '', 572, 317, 1, 1, '2022-03-21 00:00:00'),
(530, 'Hàng hóa fgh 620', 620, 930, '', 110, 613, 1, 1, '2022-02-18 00:00:00'),
(531, 'Hàng hóa qwuefghi 920', 920, 1380, '', 483, 588, 1, 1, '2022-03-27 00:00:00'),
(532, 'Hàng hóa dfgj 769', 769, 1154, '', 260, 756, 1, 1, '2022-03-15 00:00:00'),
(533, 'Hàng hóa weroiog 949', 949, 1424, '', 664, 603, 1, 1, '2022-03-24 00:00:00'),
(534, 'Hàng hóa fgh 506', 506, 759, '', 216, 182, 1, 1, '2022-02-16 00:00:00'),
(535, 'Hàng hóa asdf 904', 904, 1356, '', 702, 784, 1, 1, '2022-03-21 00:00:00'),
(536, 'Hàng hóa asdf 587', 587, 881, '', 12, 247, 1, 1, '2022-02-19 00:00:00'),
(537, 'Hàng hóa fgh 575', 575, 863, '', 65, 467, 1, 1, '2022-03-01 00:00:00'),
(538, 'Hàng hóa qwuefghi 780', 780, 1170, '', 447, 171, 1, 1, '2022-03-18 00:00:00'),
(539, 'Hàng hóa asdf 566', 566, 849, '', 219, 151, 1, 1, '2022-03-16 00:00:00'),
(540, 'Hàng hóa dfgj 564', 564, 846, '', 265, 1, 1, 1, '2022-02-04 00:00:00'),
(541, 'Hàng hóa dioghjui 631', 631, 947, '', 471, 148, 1, 1, '2022-03-11 00:00:00'),
(542, 'Hàng hóa dfgj 679', 679, 1019, '', 92, 531, 1, 1, '2022-03-04 00:00:00'),
(543, 'Hàng hóa fghdfghue 656', 656, 984, '', 291, 14, 1, 1, '2022-02-19 00:00:00'),
(544, 'Hàng hóa fghdfghue 866', 866, 1299, '', 790, 146, 1, 1, '2022-03-11 00:00:00'),
(545, 'Hàng hóa fghdfghue 995', 995, 1493, '', 743, 490, 1, 1, '2022-03-14 00:00:00'),
(546, 'Hàng hóa fgh 699', 699, 1049, '', 651, 123, 1, 1, '2022-02-03 00:00:00'),
(547, 'Hàng hóa weroiog 959', 959, 1439, '', 349, 378, 1, 1, '2022-03-11 00:00:00'),
(548, 'Hàng hóa dioghjui 655', 655, 983, '', 338, 221, 1, 1, '2022-03-04 00:00:00'),
(549, 'Hàng hóa asdf 634', 634, 951, '', 127, 464, 1, 1, '2022-03-19 00:00:00'),
(550, 'Hàng hóa qwuefghi 950', 950, 1425, '', 795, 603, 1, 1, '2022-03-12 00:00:00'),
(551, 'Hàng hóa asdf 510', 510, 765, '', 272, 443, 1, 1, '2022-02-20 00:00:00'),
(552, 'Hàng hóa qwuefghi 572', 572, 858, '', 229, 61, 1, 1, '2022-02-13 00:00:00'),
(553, 'Hàng hóa qwuefghi 573', 573, 860, '', 316, 133, 1, 1, '2022-03-16 00:00:00'),
(554, 'Hàng hóa fgh 725', 725, 1088, '', 691, 280, 1, 1, '2022-02-22 00:00:00'),
(555, 'Hàng hóa qwuefghi 955', 955, 1433, '', 946, 579, 1, 1, '2022-02-07 00:00:00'),
(556, 'Hàng hóa fghdfghue 756', 756, 1134, '', 462, 236, 1, 1, '2022-03-17 00:00:00'),
(557, 'Hàng hóa fghdfghue 864', 864, 1296, '', 196, 321, 1, 1, '2022-03-15 00:00:00'),
(558, 'Hàng hóa dfgj 727', 727, 1091, '', 210, 558, 1, 1, '2022-03-20 00:00:00'),
(559, 'Hàng hóa dioghjui 980', 980, 1470, '', 534, 349, 1, 1, '2022-02-12 00:00:00'),
(560, 'Hàng hóa dfgj 614', 614, 921, '', 409, 354, 1, 1, '2022-03-27 00:00:00'),
(561, 'Hàng hóa dfgj 892', 892, 1338, '', 891, 671, 1, 1, '2022-02-26 00:00:00'),
(562, 'Hàng hóa dioghjui 713', 713, 1070, '', 360, 51, 1, 1, '2022-03-27 00:00:00'),
(563, 'Hàng hóa asdf 728', 728, 1092, '', 158, 443, 1, 1, '2022-03-27 00:00:00'),
(564, 'Hàng hóa fghdfghue 972', 972, 1458, '', 950, 646, 1, 1, '2022-03-19 00:00:00'),
(565, 'Hàng hóa asdf 844', 844, 1266, '', 510, 610, 1, 1, '2022-02-05 00:00:00'),
(566, 'Hàng hóa dioghjui 540', 540, 810, '', 323, 147, 1, 1, '2022-02-08 00:00:00'),
(567, 'Hàng hóa dioghjui 683', 683, 1025, '', 659, 631, 1, 1, '2022-03-13 00:00:00'),
(568, 'Hàng hóa fgh 509', 509, 764, '', 324, 35, 1, 1, '2022-02-18 00:00:00'),
(569, 'Hàng hóa fgh 710', 710, 1065, '', 554, 165, 1, 1, '2022-02-05 00:00:00'),
(570, 'Hàng hóa asdf 782', 782, 1173, '', 542, 509, 1, 1, '2022-02-25 00:00:00'),
(571, 'Hàng hóa dfgj 939', 939, 1409, '', 671, 425, 1, 1, '2022-03-17 00:00:00'),
(572, 'Hàng hóa fghdfghue 815', 815, 1223, '', 173, 398, 1, 1, '2022-03-19 00:00:00'),
(573, 'Hàng hóa fgh 673', 673, 1010, '', 44, 668, 1, 1, '2022-03-24 00:00:00'),
(574, 'Hàng hóa asdf 726', 726, 1089, '', 448, 108, 1, 1, '2022-03-05 00:00:00'),
(575, 'Hàng hóa dioghjui 677', 677, 1016, '', 238, 437, 1, 1, '2022-03-09 00:00:00'),
(576, 'Hàng hóa qwuefghi 876', 876, 1314, '', 849, 83, 1, 1, '2022-03-14 00:00:00'),
(577, 'Hàng hóa dioghjui 685', 685, 1028, '', 53, 638, 1, 1, '2022-02-21 00:00:00'),
(578, 'Hàng hóa fghdfghue 530', 530, 795, '', 427, 426, 1, 1, '2022-03-15 00:00:00'),
(579, 'Hàng hóa dioghjui 765', 765, 1148, '', 542, 253, 1, 1, '2022-03-23 00:00:00'),
(580, 'Hàng hóa asdf 507', 507, 761, '', 161, 53, 1, 1, '2022-03-14 00:00:00'),
(581, 'Hàng hóa fghdfghue 712', 712, 1068, '', 630, 625, 1, 1, '2022-02-20 00:00:00'),
(582, 'Hàng hóa fghdfghue 956', 956, 1434, '', 106, 42, 1, 1, '2022-02-05 00:00:00'),
(583, 'Hàng hóa asdf 960', 960, 1440, '', 160, 737, 1, 1, '2022-03-18 00:00:00'),
(584, 'Hàng hóa dioghjui 829', 829, 1244, '', 498, 235, 1, 1, '2022-03-05 00:00:00'),
(585, 'Hàng hóa asdf 571', 571, 857, '', 546, 66, 1, 1, '2022-02-12 00:00:00'),
(586, 'Hàng hóa dfgj 529', 529, 794, '', 67, 393, 1, 1, '2022-03-27 00:00:00'),
(587, 'Hàng hóa dfgj 719', 719, 1079, '', 7, 534, 1, 1, '2022-03-27 00:00:00'),
(588, 'Hàng hóa dfgj 683', 683, 1025, '', 677, 317, 1, 1, '2022-02-02 00:00:00'),
(589, 'Hàng hóa fgh 992', 992, 1488, '', 33, 510, 1, 1, '2022-03-08 00:00:00'),
(590, 'Hàng hóa weroiog 904', 904, 1356, '', 491, 63, 1, 1, '2022-03-26 00:00:00'),
(591, 'Hàng hóa dioghjui 811', 811, 1217, '', 506, 292, 1, 1, '2022-03-20 00:00:00'),
(592, 'Hàng hóa fghdfghue 870', 870, 1305, '', 527, 109, 1, 1, '2022-02-10 00:00:00'),
(593, 'Hàng hóa weroiog 706', 706, 1059, '', 125, 507, 1, 1, '2022-03-16 00:00:00'),
(594, 'Hàng hóa qwuefghi 695', 695, 1043, '', 174, 119, 1, 1, '2022-03-21 00:00:00'),
(595, 'Hàng hóa fgh 716', 716, 1074, '', 324, 472, 1, 1, '2022-02-25 00:00:00'),
(596, 'Hàng hóa fghdfghue 511', 511, 767, '', 444, 9, 1, 1, '2022-02-19 00:00:00'),
(597, 'Hàng hóa fghdfghue 540', 540, 810, '', 216, 499, 1, 1, '2022-03-22 00:00:00'),
(598, 'Hàng hóa fghdfghue 871', 871, 1307, '', 5, 78, 1, 1, '2022-03-03 00:00:00'),
(599, 'Hàng hóa asdf 611', 611, 917, '', 608, 38, 1, 1, '2022-03-19 00:00:00'),
(600, 'Hàng hóa weroiog 668', 668, 1002, '', 11, 390, 1, 1, '2022-02-04 00:00:00'),
(601, 'Hàng hóa fgh 514', 514, 771, '', 496, 486, 1, 1, '2022-03-10 00:00:00'),
(602, 'Hàng hóa dfgj 853', 853, 1280, '', 687, 105, 1, 1, '2022-03-04 00:00:00'),
(603, 'Hàng hóa weroiog 739', 739, 1109, '', 394, 513, 1, 1, '2022-02-25 00:00:00'),
(604, 'Hàng hóa asdf 545', 545, 818, '', 374, 390, 1, 1, '2022-03-07 00:00:00'),
(605, 'Hàng hóa dfgj 874', 874, 1311, '', 772, 694, 1, 1, '2022-02-18 00:00:00'),
(606, 'Hàng hóa asdf 785', 785, 1178, '', 89, 109, 1, 1, '2022-03-06 00:00:00'),
(607, 'Hàng hóa fgh 791', 791, 1187, '', 456, 268, 1, 1, '2022-02-25 00:00:00'),
(608, 'Hàng hóa dioghjui 895', 895, 1343, '', 576, 115, 1, 1, '2022-03-10 00:00:00'),
(609, 'Hàng hóa fgh 639', 639, 959, '', 530, 509, 1, 1, '2022-02-09 00:00:00'),
(610, 'Hàng hóa asdf 574', 574, 861, '', 322, 449, 1, 1, '2022-03-10 00:00:00'),
(611, 'Hàng hóa fghdfghue 941', 941, 1412, '', 930, 618, 1, 1, '2022-03-05 00:00:00'),
(612, 'Hàng hóa weroiog 737', 737, 1106, '', 4, 407, 1, 1, '2022-03-03 00:00:00'),
(613, 'Hàng hóa dioghjui 689', 689, 1034, '', 318, 89, 1, 1, '2022-02-11 00:00:00'),
(614, 'Hàng hóa asdf 781', 781, 1172, '', 10, 117, 1, 1, '2022-02-17 00:00:00'),
(615, 'Hàng hóa qwuefghi 586', 586, 879, '', 502, 357, 1, 1, '2022-03-01 00:00:00');
INSERT INTO `hang_hoa` (`ma`, `ten_hang`, `gia_nhap`, `gia_ban`, `img_link`, `so_luong_da_ban`, `so_luong_ton`, `ma_nha_cung_cap`, `ma_loai_hang`, `create_at`) VALUES
(616, 'Hàng hóa asdf 929', 929, 1394, '', 596, 652, 1, 1, '2022-03-09 00:00:00'),
(617, 'Hàng hóa fgh 569', 569, 854, '', 8, 184, 1, 1, '2022-03-26 00:00:00'),
(618, 'Hàng hóa weroiog 947', 947, 1421, '', 790, 565, 1, 1, '2022-02-16 00:00:00'),
(619, 'Hàng hóa qwuefghi 714', 714, 1071, '', 341, 83, 1, 1, '2022-02-25 00:00:00'),
(620, 'Hàng hóa fgh 982', 982, 1473, '', 628, 536, 1, 1, '2022-03-22 00:00:00'),
(621, 'Hàng hóa asdf 794', 794, 1191, '', 663, 442, 1, 1, '2022-02-04 00:00:00'),
(622, 'Hàng hóa qwuefghi 945', 945, 1418, '', 801, 285, 1, 1, '2022-03-12 00:00:00'),
(623, 'Hàng hóa dioghjui 620', 620, 930, '', 491, 355, 1, 1, '2022-03-04 00:00:00'),
(624, 'Hàng hóa asdf 626', 626, 939, '', 377, 26, 1, 1, '2022-02-07 00:00:00'),
(625, 'Hàng hóa fgh 644', 644, 966, '', 164, 435, 1, 1, '2022-03-26 00:00:00'),
(626, 'Hàng hóa fghdfghue 982', 982, 1473, '', 442, 7, 1, 1, '2022-02-25 00:00:00'),
(627, 'Hàng hóa weroiog 856', 856, 1284, '', 480, 676, 1, 1, '2022-03-14 00:00:00'),
(628, 'Hàng hóa asdf 650', 650, 975, '', 316, 462, 1, 1, '2022-03-23 00:00:00'),
(629, 'Hàng hóa dioghjui 966', 966, 1449, '', 351, 927, 1, 1, '2022-02-07 00:00:00'),
(630, 'Hàng hóa qwuefghi 707', 707, 1061, '', 664, 349, 1, 1, '2022-02-25 00:00:00'),
(631, 'Hàng hóa asdf 865', 865, 1298, '', 701, 308, 1, 1, '2022-02-01 00:00:00'),
(632, 'Hàng hóa qwuefghi 561', 561, 842, '', 361, 60, 1, 1, '2022-02-17 00:00:00'),
(633, 'Hàng hóa dfgj 970', 970, 1455, '', 584, 876, 1, 1, '2022-03-23 00:00:00'),
(634, 'Hàng hóa weroiog 555', 555, 833, '', 516, 300, 1, 1, '2022-03-12 00:00:00'),
(635, 'Hàng hóa qwuefghi 776', 776, 1164, '', 750, 556, 1, 1, '2022-02-05 00:00:00'),
(636, 'Hàng hóa dfgj 787', 787, 1181, '', 190, 503, 1, 1, '2022-03-24 00:00:00'),
(637, 'Hàng hóa qwuefghi 588', 588, 882, '', 377, 449, 1, 1, '2022-03-22 00:00:00'),
(638, 'Hàng hóa dfgj 564', 564, 846, '', 239, 267, 1, 1, '2022-03-19 00:00:00'),
(639, 'Hàng hóa dfgj 518', 518, 777, '', 447, 25, 1, 1, '2022-02-05 00:00:00'),
(640, 'Hàng hóa fghdfghue 649', 649, 974, '', 181, 165, 1, 1, '2022-03-10 00:00:00'),
(641, 'Hàng hóa qwuefghi 898', 898, 1347, '', 200, 722, 1, 1, '2022-02-09 00:00:00'),
(642, 'Hàng hóa dioghjui 521', 521, 782, '', 132, 203, 1, 1, '2022-02-12 00:00:00'),
(643, 'Hàng hóa fgh 913', 913, 1370, '', 321, 115, 1, 1, '2022-03-10 00:00:00'),
(644, 'Hàng hóa dioghjui 604', 604, 906, '', 591, 422, 1, 1, '2022-02-03 00:00:00'),
(645, 'Hàng hóa fgh 959', 959, 1439, '', 90, 396, 1, 1, '2022-03-08 00:00:00'),
(646, 'Hàng hóa fghdfghue 917', 917, 1376, '', 528, 410, 1, 1, '2022-03-17 00:00:00'),
(647, 'Hàng hóa weroiog 591', 591, 887, '', 373, 278, 1, 1, '2022-03-21 00:00:00'),
(648, 'Hàng hóa asdf 611', 611, 917, '', 321, 557, 1, 1, '2022-02-23 00:00:00'),
(649, 'Hàng hóa dioghjui 538', 538, 807, '', 367, 148, 1, 1, '2022-02-22 00:00:00'),
(650, 'Hàng hóa qwuefghi 730', 730, 1095, '', 307, 579, 1, 1, '2022-03-02 00:00:00'),
(651, 'Hàng hóa fgh 641', 641, 962, '', 540, 484, 1, 1, '2022-03-26 00:00:00'),
(652, 'Hàng hóa qwuefghi 845', 845, 1268, '', 337, 369, 1, 1, '2022-03-12 00:00:00'),
(653, 'Hàng hóa fghdfghue 623', 623, 935, '', 522, 16, 1, 1, '2022-02-27 00:00:00'),
(654, 'Hàng hóa weroiog 609', 609, 914, '', 40, 114, 1, 1, '2022-03-02 00:00:00'),
(655, 'Hàng hóa dioghjui 784', 784, 1176, '', 305, 312, 1, 1, '2022-03-11 00:00:00'),
(656, 'Hàng hóa fgh 546', 546, 819, '', 52, 369, 1, 1, '2022-02-16 00:00:00'),
(657, 'Hàng hóa qwuefghi 793', 793, 1190, '', 613, 425, 1, 1, '2022-02-01 00:00:00'),
(658, 'Hàng hóa fgh 824', 824, 1236, '', 34, 667, 1, 1, '2022-03-06 00:00:00'),
(659, 'Hàng hóa asdf 711', 711, 1067, '', 255, 414, 1, 1, '2022-02-21 00:00:00'),
(660, 'Hàng hóa qwuefghi 509', 509, 764, '', 283, 17, 1, 1, '2022-02-18 00:00:00'),
(661, 'Hàng hóa dioghjui 960', 960, 1440, '', 382, 40, 1, 1, '2022-02-12 00:00:00'),
(662, 'Hàng hóa weroiog 896', 896, 1344, '', 268, 757, 1, 1, '2022-02-15 00:00:00'),
(663, 'Hàng hóa fgh 781', 781, 1172, '', 662, 780, 1, 1, '2022-03-21 00:00:00'),
(664, 'Hàng hóa dfgj 975', 975, 1463, '', 327, 87, 1, 1, '2022-02-22 00:00:00'),
(665, 'Hàng hóa fghdfghue 657', 657, 986, '', 575, 271, 1, 1, '2022-03-11 00:00:00'),
(666, 'Hàng hóa fghdfghue 905', 905, 1358, '', 205, 215, 1, 1, '2022-03-27 00:00:00'),
(667, 'Hàng hóa weroiog 562', 562, 843, '', 533, 524, 1, 1, '2022-02-23 00:00:00'),
(668, 'Hàng hóa dfgj 679', 679, 1019, '', 587, 172, 1, 1, '2022-03-26 00:00:00'),
(669, 'Hàng hóa dioghjui 606', 606, 909, '', 534, 88, 1, 1, '2022-03-20 00:00:00'),
(670, 'Hàng hóa weroiog 841', 841, 1262, '', 742, 317, 1, 1, '2022-02-21 00:00:00'),
(671, 'Hàng hóa asdf 637', 637, 956, '', 125, 296, 1, 1, '2022-02-16 00:00:00'),
(672, 'Hàng hóa dfgj 502', 502, 753, '', 53, 399, 1, 1, '2022-03-17 00:00:00'),
(673, 'Hàng hóa asdf 625', 625, 938, '', 523, 356, 1, 1, '2022-02-23 00:00:00'),
(674, 'Hàng hóa fgh 808', 808, 1212, '', 459, 488, 1, 1, '2022-02-19 00:00:00'),
(675, 'Hàng hóa fgh 544', 544, 816, '', 505, 222, 1, 1, '2022-02-16 00:00:00'),
(676, 'Hàng hóa qwuefghi 663', 663, 995, '', 555, 612, 1, 1, '2022-03-14 00:00:00'),
(677, 'Hàng hóa dioghjui 640', 640, 960, '', 600, 443, 1, 1, '2022-02-23 00:00:00'),
(678, 'Hàng hóa qwuefghi 567', 567, 851, '', 126, 102, 1, 1, '2022-02-09 00:00:00'),
(679, 'Hàng hóa asdf 774', 774, 1161, '', 190, 326, 1, 1, '2022-02-21 00:00:00'),
(680, 'Hàng hóa weroiog 974', 974, 1461, '', 249, 448, 1, 1, '2022-02-10 00:00:00'),
(681, 'Hàng hóa fghdfghue 771', 771, 1157, '', 253, 160, 1, 1, '2022-03-06 00:00:00'),
(682, 'Hàng hóa dfgj 506', 506, 759, '', 266, 236, 1, 1, '2022-02-11 00:00:00'),
(683, 'Hàng hóa weroiog 690', 690, 1035, '', 667, 426, 1, 1, '2022-03-03 00:00:00'),
(684, 'Hàng hóa weroiog 756', 756, 1134, '', 437, 448, 1, 1, '2022-02-01 00:00:00'),
(685, 'Hàng hóa dfgj 901', 901, 1352, '', 816, 581, 1, 1, '2022-02-02 00:00:00'),
(686, 'Hàng hóa fghdfghue 689', 689, 1034, '', 175, 118, 1, 1, '2022-03-26 00:00:00'),
(687, 'Hàng hóa dioghjui 993', 993, 1490, '', 179, 711, 1, 1, '2022-02-23 00:00:00'),
(688, 'Hàng hóa dfgj 910', 910, 1365, '', 222, 519, 1, 1, '2022-03-23 00:00:00'),
(689, 'Hàng hóa dfgj 820', 820, 1230, '', 786, 62, 1, 1, '2022-03-03 00:00:00'),
(690, 'Hàng hóa fgh 870', 870, 1305, '', 859, 109, 1, 1, '2022-02-08 00:00:00'),
(691, 'Hàng hóa dfgj 811', 811, 1217, '', 31, 789, 1, 1, '2022-03-06 00:00:00'),
(692, 'Hàng hóa asdf 837', 837, 1256, '', 29, 410, 1, 1, '2022-03-14 00:00:00'),
(693, 'Hàng hóa qwuefghi 815', 815, 1223, '', 154, 413, 1, 1, '2022-03-24 00:00:00'),
(694, 'Hàng hóa dioghjui 948', 948, 1422, '', 375, 653, 1, 1, '2022-03-03 00:00:00'),
(695, 'Hàng hóa fgh 677', 677, 1016, '', 241, 74, 1, 1, '2022-02-19 00:00:00'),
(696, 'Hàng hóa weroiog 767', 767, 1151, '', 408, 275, 1, 1, '2022-03-09 00:00:00'),
(697, 'Hàng hóa dfgj 868', 868, 1302, '', 516, 348, 1, 1, '2022-03-07 00:00:00'),
(698, 'Hàng hóa fgh 646', 646, 969, '', 496, 206, 1, 1, '2022-02-05 00:00:00'),
(699, 'Hàng hóa qwuefghi 520', 520, 780, '', 96, 390, 1, 1, '2022-03-18 00:00:00'),
(700, 'Hàng hóa fgh 677', 677, 1016, '', 94, 86, 1, 1, '2022-03-02 00:00:00'),
(701, 'Hàng hóa asdf 751', 751, 1127, '', 705, 420, 1, 1, '2022-02-01 00:00:00'),
(702, 'Hàng hóa dioghjui 772', 772, 1158, '', 107, 158, 1, 1, '2022-03-12 00:00:00'),
(703, 'Hàng hóa fghdfghue 931', 931, 1397, '', 838, 597, 1, 1, '2022-03-20 00:00:00'),
(704, 'Hàng hóa weroiog 607', 607, 911, '', 374, 309, 1, 1, '2022-02-03 00:00:00'),
(705, 'Hàng hóa fgh 654', 654, 981, '', 527, 507, 1, 1, '2022-02-16 00:00:00'),
(706, 'Hàng hóa dioghjui 781', 781, 1172, '', 319, 479, 1, 1, '2022-03-16 00:00:00'),
(707, 'Hàng hóa dioghjui 519', 519, 779, '', 517, 167, 1, 1, '2022-03-14 00:00:00'),
(708, 'Hàng hóa fgh 561', 561, 842, '', 532, 495, 1, 1, '2022-03-17 00:00:00'),
(709, 'Hàng hóa weroiog 674', 674, 1011, '', 361, 477, 1, 1, '2022-02-20 00:00:00'),
(710, 'Hàng hóa qwuefghi 812', 812, 1218, '', 603, 101, 1, 1, '2022-02-02 00:00:00'),
(711, 'Hàng hóa dfgj 507', 507, 761, '', 257, 78, 1, 1, '2022-02-01 00:00:00'),
(712, 'Hàng hóa asdf 708', 708, 1062, '', 87, 555, 1, 1, '2022-02-14 00:00:00'),
(713, 'Hàng hóa asdf 735', 735, 1103, '', 352, 45, 1, 1, '2022-03-15 00:00:00'),
(714, 'Hàng hóa weroiog 854', 854, 1281, '', 212, 563, 1, 1, '2022-02-16 00:00:00'),
(715, 'Hàng hóa fghdfghue 578', 578, 867, '', 450, 524, 1, 1, '2022-03-25 00:00:00'),
(716, 'Hàng hóa fghdfghue 606', 606, 909, '', 65, 24, 1, 1, '2022-02-04 00:00:00'),
(717, 'Hàng hóa fgh 841', 841, 1262, '', 418, 157, 1, 1, '2022-03-11 00:00:00'),
(718, 'Hàng hóa asdf 671', 671, 1007, '', 209, 19, 1, 1, '2022-02-04 00:00:00'),
(719, 'Hàng hóa weroiog 591', 591, 887, '', 2, 360, 1, 1, '2022-02-14 00:00:00'),
(720, 'Hàng hóa dioghjui 930', 930, 1395, '', 128, 851, 1, 1, '2022-02-21 00:00:00'),
(721, 'Hàng hóa asdf 893', 893, 1340, '', 748, 703, 1, 1, '2022-02-27 00:00:00'),
(722, 'Hàng hóa dioghjui 602', 602, 903, '', 395, 4, 1, 1, '2022-03-07 00:00:00'),
(723, 'Hàng hóa fghdfghue 698', 698, 1047, '', 510, 570, 1, 1, '2022-03-10 00:00:00'),
(724, 'Hàng hóa asdf 833', 833, 1250, '', 801, 425, 1, 1, '2022-03-13 00:00:00'),
(725, 'Hàng hóa fgh 822', 822, 1233, '', 598, 688, 1, 1, '2022-02-01 00:00:00'),
(726, 'Hàng hóa dfgj 585', 585, 878, '', 184, 293, 1, 1, '2022-03-04 00:00:00'),
(727, 'Hàng hóa dioghjui 566', 566, 849, '', 27, 69, 1, 1, '2022-02-13 00:00:00'),
(728, 'Hàng hóa qwuefghi 579', 579, 869, '', 304, 337, 1, 1, '2022-03-04 00:00:00'),
(729, 'Hàng hóa qwuefghi 812', 812, 1218, '', 575, 408, 1, 1, '2022-02-16 00:00:00'),
(730, 'Hàng hóa dfgj 683', 683, 1025, '', 323, 441, 1, 1, '2022-03-24 00:00:00'),
(731, 'Hàng hóa qwuefghi 978', 978, 1467, '', 900, 309, 1, 1, '2022-03-16 00:00:00'),
(732, 'Hàng hóa qwuefghi 540', 540, 810, '', 207, 535, 1, 1, '2022-03-15 00:00:00'),
(733, 'Hàng hóa asdf 792', 792, 1188, '', 467, 115, 1, 1, '2022-02-27 00:00:00'),
(734, 'Hàng hóa fghdfghue 939', 939, 1409, '', 305, 751, 1, 1, '2022-03-16 00:00:00'),
(735, 'Hàng hóa dioghjui 616', 616, 924, '', 478, 359, 1, 1, '2022-03-02 00:00:00'),
(736, 'Hàng hóa weroiog 719', 719, 1079, '', 270, 448, 1, 1, '2022-02-07 00:00:00'),
(737, 'Hàng hóa fghdfghue 977', 977, 1466, '', 776, 660, 1, 1, '2022-03-04 00:00:00'),
(738, 'Hàng hóa qwuefghi 662', 662, 993, '', 166, 43, 1, 1, '2022-02-12 00:00:00'),
(739, 'Hàng hóa dfgj 736', 736, 1104, '', 596, 163, 1, 1, '2022-03-15 00:00:00'),
(740, 'Hàng hóa fgh 914', 914, 1371, '', 236, 114, 1, 1, '2022-03-19 00:00:00'),
(741, 'Hàng hóa weroiog 779', 779, 1169, '', 646, 105, 1, 1, '2022-03-13 00:00:00'),
(742, 'Hàng hóa dfgj 903', 903, 1355, '', 191, 152, 1, 1, '2022-03-16 00:00:00'),
(743, 'Hàng hóa fghdfghue 515', 515, 773, '', 280, 351, 1, 1, '2022-02-10 00:00:00'),
(744, 'Hàng hóa qwuefghi 874', 874, 1311, '', 416, 343, 1, 1, '2022-02-23 00:00:00'),
(745, 'Hàng hóa dioghjui 954', 954, 1431, '', 270, 778, 1, 1, '2022-03-17 00:00:00'),
(746, 'Hàng hóa dfgj 948', 948, 1422, '', 744, 576, 1, 1, '2022-03-23 00:00:00'),
(747, 'Hàng hóa fgh 799', 799, 1199, '', 37, 457, 1, 1, '2022-03-26 00:00:00'),
(748, 'Hàng hóa weroiog 638', 638, 957, '', 626, 624, 1, 1, '2022-02-27 00:00:00'),
(749, 'Hàng hóa weroiog 831', 831, 1247, '', 649, 668, 1, 1, '2022-03-08 00:00:00'),
(750, 'Hàng hóa fgh 714', 714, 1071, '', 711, 493, 1, 1, '2022-02-05 00:00:00'),
(751, 'Hàng hóa dfgj 505', 505, 758, '', 82, 489, 1, 1, '2022-03-19 00:00:00'),
(752, 'Hàng hóa dfgj 527', 527, 791, '', 97, 327, 1, 1, '2022-02-21 00:00:00'),
(753, 'Hàng hóa fghdfghue 632', 632, 948, '', 211, 364, 1, 1, '2022-03-05 00:00:00'),
(754, 'Hàng hóa asdf 812', 812, 1218, '', 372, 642, 1, 1, '2022-02-20 00:00:00'),
(755, 'Hàng hóa fghdfghue 629', 629, 944, '', 518, 617, 1, 1, '2022-03-03 00:00:00'),
(756, 'Hàng hóa asdf 766', 766, 1149, '', 200, 181, 1, 1, '2022-02-21 00:00:00'),
(757, 'Hàng hóa dfgj 810', 810, 1215, '', 161, 777, 1, 1, '2022-03-20 00:00:00'),
(758, 'Hàng hóa fgh 851', 851, 1277, '', 793, 491, 1, 1, '2022-02-12 00:00:00'),
(759, 'Hàng hóa fghdfghue 691', 691, 1037, '', 92, 316, 1, 1, '2022-02-11 00:00:00'),
(760, 'Hàng hóa weroiog 868', 868, 1302, '', 473, 751, 1, 1, '2022-02-11 00:00:00'),
(761, 'Hàng hóa fgh 629', 629, 944, '', 112, 314, 1, 1, '2022-02-20 00:00:00'),
(762, 'Hàng hóa fgh 978', 978, 1467, '', 767, 503, 1, 1, '2022-03-21 00:00:00'),
(763, 'Hàng hóa qwuefghi 927', 927, 1391, '', 404, 106, 1, 1, '2022-02-21 00:00:00'),
(764, 'Hàng hóa dfgj 803', 803, 1205, '', 371, 307, 1, 1, '2022-02-13 00:00:00'),
(765, 'Hàng hóa dfgj 833', 833, 1250, '', 342, 807, 1, 1, '2022-03-08 00:00:00'),
(766, 'Hàng hóa dioghjui 831', 831, 1247, '', 701, 731, 1, 1, '2022-03-10 00:00:00'),
(767, 'Hàng hóa asdf 595', 595, 893, '', 25, 236, 1, 1, '2022-03-14 00:00:00'),
(768, 'Hàng hóa dfgj 931', 931, 1397, '', 288, 629, 1, 1, '2022-03-12 00:00:00'),
(769, 'Hàng hóa fgh 638', 638, 957, '', 453, 256, 1, 1, '2022-02-19 00:00:00'),
(770, 'Hàng hóa dfgj 844', 844, 1266, '', 65, 78, 1, 1, '2022-02-20 00:00:00'),
(771, 'Hàng hóa fghdfghue 984', 984, 1476, '', 24, 105, 1, 1, '2022-02-08 00:00:00'),
(772, 'Hàng hóa asdf 748', 748, 1122, '', 503, 111, 1, 1, '2022-03-09 00:00:00'),
(773, 'Hàng hóa fghdfghue 940', 940, 1410, '', 633, 831, 1, 1, '2022-03-11 00:00:00'),
(774, 'Hàng hóa fghdfghue 648', 648, 972, '', 558, 258, 1, 1, '2022-03-01 00:00:00'),
(775, 'Hàng hóa asdf 587', 587, 881, '', 13, 169, 1, 1, '2022-02-14 00:00:00'),
(776, 'Hàng hóa weroiog 965', 965, 1448, '', 624, 96, 1, 1, '2022-02-10 00:00:00'),
(777, 'Hàng hóa dfgj 659', 659, 989, '', 19, 173, 1, 1, '2022-02-12 00:00:00'),
(778, 'Hàng hóa qwuefghi 915', 915, 1373, '', 903, 319, 1, 1, '2022-02-02 00:00:00'),
(779, 'Hàng hóa weroiog 884', 884, 1326, '', 657, 580, 1, 1, '2022-03-13 00:00:00'),
(780, 'Hàng hóa weroiog 636', 636, 954, '', 118, 543, 1, 1, '2022-02-23 00:00:00'),
(781, 'Hàng hóa dfgj 963', 963, 1445, '', 639, 543, 1, 1, '2022-03-13 00:00:00'),
(782, 'Hàng hóa dfgj 667', 667, 1001, '', 423, 486, 1, 1, '2022-03-26 00:00:00'),
(783, 'Hàng hóa dfgj 829', 829, 1244, '', 211, 498, 1, 1, '2022-02-22 00:00:00'),
(784, 'Hàng hóa asdf 764', 764, 1146, '', 47, 713, 1, 1, '2022-03-11 00:00:00'),
(785, 'Hàng hóa fgh 593', 593, 890, '', 378, 165, 1, 1, '2022-03-02 00:00:00'),
(786, 'Hàng hóa weroiog 920', 920, 1380, '', 20, 671, 1, 1, '2022-03-21 00:00:00'),
(787, 'Hàng hóa fgh 692', 692, 1038, '', 362, 289, 1, 1, '2022-02-24 00:00:00'),
(788, 'Hàng hóa asdf 722', 722, 1083, '', 515, 517, 1, 1, '2022-03-12 00:00:00'),
(789, 'Hàng hóa dfgj 806', 806, 1209, '', 57, 741, 1, 1, '2022-03-20 00:00:00'),
(790, 'Hàng hóa qwuefghi 673', 673, 1010, '', 127, 462, 1, 1, '2022-02-18 00:00:00'),
(791, 'Hàng hóa weroiog 757', 757, 1136, '', 155, 403, 1, 1, '2022-02-21 00:00:00'),
(792, 'Hàng hóa dioghjui 530', 530, 795, '', 307, 164, 1, 1, '2022-02-05 00:00:00'),
(793, 'Hàng hóa qwuefghi 658', 658, 987, '', 571, 313, 1, 1, '2022-03-21 00:00:00'),
(794, 'Hàng hóa dioghjui 900', 900, 1350, '', 78, 573, 1, 1, '2022-03-21 00:00:00'),
(795, 'Hàng hóa fgh 614', 614, 921, '', 551, 446, 1, 1, '2022-03-02 00:00:00'),
(796, 'Hàng hóa asdf 829', 829, 1244, '', 295, 81, 1, 1, '2022-02-24 00:00:00'),
(797, 'Hàng hóa dioghjui 798', 798, 1197, '', 306, 374, 1, 1, '2022-02-02 00:00:00'),
(798, 'Hàng hóa dfgj 822', 822, 1233, '', 160, 174, 1, 1, '2022-03-10 00:00:00'),
(799, 'Hàng hóa dfgj 604', 604, 906, '', 332, 46, 1, 1, '2022-03-01 00:00:00'),
(800, 'Hàng hóa fghdfghue 595', 595, 893, '', 522, 82, 1, 1, '2022-02-18 00:00:00'),
(801, 'Hàng hóa asdf 866', 866, 1299, '', 78, 604, 1, 1, '2022-02-23 00:00:00'),
(802, 'Hàng hóa dioghjui 733', 733, 1100, '', 693, 212, 1, 1, '2022-03-04 00:00:00'),
(803, 'Hàng hóa asdf 980', 980, 1470, '', 634, 435, 1, 1, '2022-03-19 00:00:00'),
(804, 'Hàng hóa weroiog 634', 634, 951, '', 526, 423, 1, 1, '2022-02-20 00:00:00'),
(805, 'Hàng hóa dfgj 709', 709, 1064, '', 242, 64, 1, 1, '2022-03-05 00:00:00'),
(806, 'Hàng hóa fghdfghue 941', 941, 1412, '', 895, 855, 1, 1, '2022-02-19 00:00:00'),
(807, 'Hàng hóa fgh 850', 850, 1275, '', 842, 712, 1, 1, '2022-03-21 00:00:00'),
(808, 'Hàng hóa dfgj 883', 883, 1325, '', 600, 568, 1, 1, '2022-03-25 00:00:00'),
(809, 'Hàng hóa fghdfghue 855', 855, 1283, '', 461, 266, 1, 1, '2022-02-24 00:00:00'),
(810, 'Hàng hóa weroiog 517', 517, 776, '', 252, 204, 1, 1, '2022-02-09 00:00:00'),
(811, 'Hàng hóa fgh 585', 585, 878, '', 10, 377, 1, 1, '2022-02-17 00:00:00'),
(812, 'Hàng hóa dioghjui 930', 930, 1395, '', 882, 730, 1, 1, '2022-02-13 00:00:00'),
(813, 'Hàng hóa fgh 647', 647, 971, '', 563, 146, 1, 1, '2022-03-19 00:00:00'),
(814, 'Hàng hóa qwuefghi 992', 992, 1488, '', 589, 949, 1, 1, '2022-02-24 00:00:00'),
(815, 'Hàng hóa qwuefghi 605', 605, 908, '', 110, 236, 1, 1, '2022-02-26 00:00:00'),
(816, 'Hàng hóa asdf 507', 507, 761, '', 129, 250, 1, 1, '2022-03-02 00:00:00'),
(817, 'Hàng hóa dioghjui 541', 541, 812, '', 447, 173, 1, 1, '2022-02-02 00:00:00'),
(818, 'Hàng hóa qwuefghi 562', 562, 843, '', 78, 390, 1, 1, '2022-03-11 00:00:00'),
(819, 'Hàng hóa weroiog 861', 861, 1292, '', 325, 178, 1, 1, '2022-02-12 00:00:00'),
(820, 'Hàng hóa asdf 505', 505, 758, '', 208, 431, 1, 1, '2022-02-22 00:00:00'),
(821, 'Hàng hóa dioghjui 867', 867, 1301, '', 180, 334, 1, 1, '2022-02-24 00:00:00'),
(822, 'Hàng hóa fghdfghue 532', 532, 798, '', 351, 398, 1, 1, '2022-03-25 00:00:00'),
(823, 'Hàng hóa dfgj 575', 575, 863, '', 223, 243, 1, 1, '2022-03-01 00:00:00'),
(824, 'Hàng hóa fgh 706', 706, 1059, '', 434, 627, 1, 1, '2022-03-10 00:00:00'),
(825, 'Hàng hóa asdf 729', 729, 1094, '', 191, 377, 1, 1, '2022-03-25 00:00:00'),
(826, 'Hàng hóa qwuefghi 935', 935, 1403, '', 494, 606, 1, 1, '2022-03-05 00:00:00'),
(827, 'Hàng hóa weroiog 936', 936, 1404, '', 347, 409, 1, 1, '2022-03-05 00:00:00'),
(828, 'Hàng hóa qwuefghi 541', 541, 812, '', 150, 254, 1, 1, '2022-03-07 00:00:00'),
(829, 'Hàng hóa qwuefghi 705', 705, 1058, '', 194, 51, 1, 1, '2022-03-01 00:00:00'),
(830, 'Hàng hóa dioghjui 945', 945, 1418, '', 630, 130, 1, 1, '2022-03-01 00:00:00'),
(831, 'Hàng hóa weroiog 821', 821, 1232, '', 151, 111, 1, 1, '2022-03-08 00:00:00'),
(832, 'Hàng hóa fghdfghue 553', 553, 830, '', 155, 434, 1, 1, '2022-03-21 00:00:00'),
(833, 'Hàng hóa fgh 785', 785, 1178, '', 564, 642, 1, 1, '2022-03-18 00:00:00'),
(834, 'Hàng hóa dioghjui 524', 524, 786, '', 405, 242, 1, 1, '2022-02-09 00:00:00'),
(835, 'Hàng hóa fghdfghue 790', 790, 1185, '', 726, 278, 1, 1, '2022-02-10 00:00:00'),
(836, 'Hàng hóa fgh 541', 541, 812, '', 192, 194, 1, 1, '2022-03-26 00:00:00'),
(837, 'Hàng hóa weroiog 695', 695, 1043, '', 412, 468, 1, 1, '2022-02-06 00:00:00'),
(838, 'Hàng hóa fghdfghue 823', 823, 1235, '', 181, 572, 1, 1, '2022-02-06 00:00:00'),
(839, 'Hàng hóa dfgj 786', 786, 1179, '', 531, 709, 1, 1, '2022-03-27 00:00:00'),
(840, 'Hàng hóa weroiog 643', 643, 965, '', 74, 285, 1, 1, '2022-02-18 00:00:00'),
(841, 'Hàng hóa fgh 609', 609, 914, '', 192, 500, 1, 1, '2022-03-01 00:00:00'),
(842, 'Hàng hóa weroiog 620', 620, 930, '', 68, 616, 1, 1, '2022-03-27 00:00:00'),
(843, 'Hàng hóa dfgj 992', 992, 1488, '', 512, 75, 1, 1, '2022-02-11 00:00:00'),
(844, 'Hàng hóa fghdfghue 626', 626, 939, '', 464, 289, 1, 1, '2022-02-21 00:00:00'),
(845, 'Hàng hóa fghdfghue 744', 744, 1116, '', 220, 570, 1, 1, '2022-03-19 00:00:00'),
(846, 'Hàng hóa weroiog 534', 534, 801, '', 80, 245, 1, 1, '2022-02-21 00:00:00'),
(847, 'Hàng hóa weroiog 862', 862, 1293, '', 78, 78, 1, 1, '2022-02-16 00:00:00'),
(848, 'Hàng hóa qwuefghi 820', 820, 1230, '', 127, 816, 1, 1, '2022-03-10 00:00:00'),
(849, 'Hàng hóa dfgj 548', 548, 822, '', 168, 110, 1, 1, '2022-03-26 00:00:00'),
(850, 'Hàng hóa qwuefghi 997', 997, 1496, '', 442, 469, 1, 1, '2022-02-02 00:00:00'),
(851, 'Hàng hóa qwuefghi 504', 504, 756, '', 259, 114, 1, 1, '2022-02-13 00:00:00'),
(852, 'Hàng hóa qwuefghi 621', 621, 932, '', 307, 292, 1, 1, '2022-02-12 00:00:00'),
(853, 'Hàng hóa dioghjui 507', 507, 761, '', 189, 206, 1, 1, '2022-03-25 00:00:00'),
(854, 'Hàng hóa dioghjui 878', 878, 1317, '', 866, 165, 1, 1, '2022-02-17 00:00:00'),
(855, 'Hàng hóa fghdfghue 528', 528, 792, '', 414, 267, 1, 1, '2022-03-17 00:00:00'),
(856, 'Hàng hóa dioghjui 967', 967, 1451, '', 607, 399, 1, 1, '2022-03-21 00:00:00'),
(857, 'Hàng hóa dfgj 924', 924, 1386, '', 323, 729, 1, 1, '2022-03-10 00:00:00'),
(858, 'Hàng hóa asdf 762', 762, 1143, '', 714, 47, 1, 1, '2022-02-09 00:00:00'),
(859, 'Hàng hóa fghdfghue 584', 584, 876, '', 480, 539, 1, 1, '2022-03-01 00:00:00'),
(860, 'Hàng hóa weroiog 559', 559, 839, '', 345, 357, 1, 1, '2022-03-02 00:00:00'),
(861, 'Hàng hóa dfgj 617', 617, 926, '', 172, 178, 1, 1, '2022-02-24 00:00:00'),
(862, 'Hàng hóa asdf 796', 796, 1194, '', 290, 538, 1, 1, '2022-03-03 00:00:00'),
(863, 'Hàng hóa fghdfghue 537', 537, 806, '', 524, 18, 1, 1, '2022-02-06 00:00:00'),
(864, 'Hàng hóa fghdfghue 570', 570, 855, '', 315, 317, 1, 1, '2022-02-01 00:00:00'),
(865, 'Hàng hóa fghdfghue 789', 789, 1184, '', 177, 621, 1, 1, '2022-03-23 00:00:00'),
(866, 'Hàng hóa dioghjui 739', 739, 1109, '', 545, 442, 1, 1, '2022-03-10 00:00:00'),
(867, 'Hàng hóa fgh 531', 531, 797, '', 344, 525, 1, 1, '2022-03-21 00:00:00'),
(868, 'Hàng hóa qwuefghi 930', 930, 1395, '', 397, 510, 1, 1, '2022-02-12 00:00:00'),
(869, 'Hàng hóa dioghjui 923', 923, 1385, '', 548, 18, 1, 1, '2022-02-05 00:00:00'),
(870, 'Hàng hóa asdf 761', 761, 1142, '', 100, 701, 1, 1, '2022-03-04 00:00:00'),
(871, 'Hàng hóa qwuefghi 557', 557, 836, '', 214, 54, 1, 1, '2022-03-25 00:00:00'),
(872, 'Hàng hóa fghdfghue 781', 781, 1172, '', 319, 280, 1, 1, '2022-02-17 00:00:00'),
(873, 'Hàng hóa asdf 800', 800, 1200, '', 167, 361, 1, 1, '2022-02-03 00:00:00'),
(874, 'Hàng hóa fgh 985', 985, 1478, '', 865, 745, 1, 1, '2022-02-27 00:00:00'),
(875, 'Hàng hóa fgh 800', 800, 1200, '', 127, 335, 1, 1, '2022-02-23 00:00:00'),
(876, 'Hàng hóa qwuefghi 957', 957, 1436, '', 80, 769, 1, 1, '2022-02-02 00:00:00'),
(877, 'Hàng hóa fghdfghue 914', 914, 1371, '', 274, 566, 1, 1, '2022-02-15 00:00:00'),
(878, 'Hàng hóa qwuefghi 808', 808, 1212, '', 193, 517, 1, 1, '2022-03-25 00:00:00'),
(879, 'Hàng hóa dfgj 853', 853, 1280, '', 806, 773, 1, 1, '2022-03-19 00:00:00'),
(880, 'Hàng hóa dioghjui 882', 882, 1323, '', 195, 322, 1, 1, '2022-03-05 00:00:00'),
(881, 'Hàng hóa fghdfghue 931', 931, 1397, '', 704, 827, 1, 1, '2022-02-27 00:00:00'),
(882, 'Hàng hóa fgh 864', 864, 1296, '', 70, 566, 1, 1, '2022-02-11 00:00:00'),
(883, 'Hàng hóa fghdfghue 762', 762, 1143, '', 499, 175, 1, 1, '2022-03-03 00:00:00'),
(884, 'Hàng hóa dioghjui 682', 682, 1023, '', 661, 274, 1, 1, '2022-02-03 00:00:00'),
(885, 'Hàng hóa asdf 847', 847, 1271, '', 450, 257, 1, 1, '2022-03-08 00:00:00'),
(886, 'Hàng hóa qwuefghi 639', 639, 959, '', 174, 311, 1, 1, '2022-03-08 00:00:00'),
(887, 'Hàng hóa dioghjui 908', 908, 1362, '', 116, 499, 1, 1, '2022-03-09 00:00:00'),
(888, 'Hàng hóa dioghjui 624', 624, 936, '', 510, 621, 1, 1, '2022-02-02 00:00:00'),
(889, 'Hàng hóa dioghjui 509', 509, 764, '', 466, 453, 1, 1, '2022-02-15 00:00:00'),
(890, 'Hàng hóa dfgj 548', 548, 822, '', 219, 544, 1, 1, '2022-03-21 00:00:00'),
(891, 'Hàng hóa asdf 584', 584, 876, '', 349, 132, 1, 1, '2022-03-20 00:00:00'),
(892, 'Hàng hóa dfgj 645', 645, 968, '', 525, 32, 1, 1, '2022-02-05 00:00:00'),
(893, 'Hàng hóa fgh 665', 665, 998, '', 610, 433, 1, 1, '2022-02-27 00:00:00'),
(894, 'Hàng hóa dfgj 551', 551, 827, '', 365, 151, 1, 1, '2022-02-21 00:00:00'),
(895, 'Hàng hóa asdf 895', 895, 1343, '', 603, 787, 1, 1, '2022-02-23 00:00:00'),
(896, 'Hàng hóa fghdfghue 897', 897, 1346, '', 373, 263, 1, 1, '2022-02-09 00:00:00'),
(897, 'Hàng hóa dfgj 868', 868, 1302, '', 702, 465, 1, 1, '2022-03-02 00:00:00'),
(898, 'Hàng hóa weroiog 650', 650, 975, '', 587, 198, 1, 1, '2022-03-18 00:00:00'),
(899, 'Hàng hóa asdf 642', 642, 963, '', 132, 247, 1, 1, '2022-02-11 00:00:00'),
(900, 'Hàng hóa dioghjui 706', 706, 1059, '', 482, 442, 1, 1, '2022-02-05 00:00:00'),
(901, 'Hàng hóa weroiog 528', 528, 792, '', 62, 270, 1, 1, '2022-02-21 00:00:00'),
(902, 'Hàng hóa fghdfghue 811', 811, 1217, '', 432, 36, 1, 1, '2022-03-06 00:00:00'),
(903, 'Hàng hóa qwuefghi 999', 999, 1499, '', 130, 207, 1, 1, '2022-03-16 00:00:00'),
(904, 'Hàng hóa dfgj 635', 635, 953, '', 432, 577, 1, 1, '2022-02-25 00:00:00'),
(905, 'Hàng hóa weroiog 975', 975, 1463, '', 797, 512, 1, 1, '2022-02-05 00:00:00'),
(906, 'Hàng hóa dioghjui 926', 926, 1389, '', 521, 601, 1, 1, '2022-03-12 00:00:00'),
(907, 'Hàng hóa fgh 623', 623, 935, '', 516, 85, 1, 1, '2022-03-22 00:00:00'),
(908, 'Hàng hóa weroiog 731', 731, 1097, '', 380, 206, 1, 1, '2022-02-08 00:00:00'),
(909, 'Hàng hóa dfgj 840', 840, 1260, '', 207, 562, 1, 1, '2022-02-05 00:00:00'),
(910, 'Hàng hóa fgh 624', 624, 936, '', 270, 396, 1, 1, '2022-03-06 00:00:00'),
(911, 'Hàng hóa fgh 969', 969, 1454, '', 98, 376, 1, 1, '2022-02-07 00:00:00'),
(912, 'Hàng hóa qwuefghi 850', 850, 1275, '', 440, 378, 1, 1, '2022-03-06 00:00:00'),
(913, 'Hàng hóa dioghjui 812', 812, 1218, '', 502, 121, 1, 1, '2022-03-14 00:00:00'),
(914, 'Hàng hóa asdf 923', 923, 1385, '', 138, 595, 1, 1, '2022-02-16 00:00:00'),
(915, 'Hàng hóa fghdfghue 542', 542, 813, '', 477, 149, 1, 1, '2022-02-23 00:00:00'),
(916, 'Hàng hóa asdf 735', 735, 1103, '', 373, 356, 1, 1, '2022-02-20 00:00:00'),
(917, 'Hàng hóa dfgj 569', 569, 854, '', 408, 498, 1, 1, '2022-02-10 00:00:00'),
(918, 'Hàng hóa fghdfghue 701', 701, 1052, '', 568, 207, 1, 1, '2022-03-24 00:00:00'),
(919, 'Hàng hóa dioghjui 583', 583, 875, '', 492, 80, 1, 1, '2022-03-23 00:00:00'),
(920, 'Hàng hóa qwuefghi 791', 791, 1187, '', 650, 413, 1, 1, '2022-02-13 00:00:00'),
(921, 'Hàng hóa asdf 787', 787, 1181, '', 661, 753, 1, 1, '2022-03-19 00:00:00'),
(922, 'Hàng hóa asdf 794', 794, 1191, '', 59, 719, 1, 1, '2022-02-27 00:00:00'),
(923, 'Hàng hóa dioghjui 651', 651, 977, '', 609, 564, 1, 1, '2022-03-27 00:00:00'),
(924, 'Hàng hóa fgh 594', 594, 891, '', 226, 558, 1, 1, '2022-02-05 00:00:00'),
(925, 'Hàng hóa dioghjui 721', 721, 1082, '', 559, 432, 1, 1, '2022-03-17 00:00:00'),
(926, 'Hàng hóa qwuefghi 883', 883, 1325, '', 236, 357, 1, 1, '2022-02-11 00:00:00'),
(927, 'Hàng hóa dfgj 621', 621, 932, '', 506, 68, 1, 1, '2022-03-04 00:00:00'),
(928, 'Hàng hóa fgh 707', 707, 1061, '', 205, 469, 1, 1, '2022-03-06 00:00:00'),
(929, 'Hàng hóa dioghjui 781', 781, 1172, '', 534, 369, 1, 1, '2022-02-17 00:00:00'),
(930, 'Hàng hóa fghdfghue 593', 593, 890, '', 276, 104, 1, 1, '2022-03-26 00:00:00'),
(931, 'Hàng hóa qwuefghi 781', 781, 1172, '', 220, 640, 1, 1, '2022-03-08 00:00:00'),
(932, 'Hàng hóa asdf 507', 507, 761, '', 215, 236, 1, 1, '2022-03-12 00:00:00'),
(933, 'Hàng hóa qwuefghi 917', 917, 1376, '', 817, 262, 1, 1, '2022-03-11 00:00:00'),
(934, 'Hàng hóa qwuefghi 823', 823, 1235, '', 397, 485, 1, 1, '2022-03-20 00:00:00'),
(935, 'Hàng hóa qwuefghi 853', 853, 1280, '', 694, 669, 1, 1, '2022-02-01 00:00:00'),
(936, 'Hàng hóa asdf 652', 652, 978, '', 532, 463, 1, 1, '2022-03-24 00:00:00'),
(937, 'Hàng hóa qwuefghi 906', 906, 1359, '', 256, 73, 1, 1, '2022-03-19 00:00:00'),
(938, 'Hàng hóa qwuefghi 584', 584, 876, '', 245, 13, 1, 1, '2022-02-16 00:00:00'),
(939, 'Hàng hóa fghdfghue 625', 625, 938, '', 506, 419, 1, 1, '2022-02-15 00:00:00'),
(940, 'Hàng hóa weroiog 720', 720, 1080, '', 397, 573, 1, 1, '2022-02-03 00:00:00'),
(941, 'Hàng hóa asdf 886', 886, 1329, '', 153, 701, 1, 1, '2022-03-04 00:00:00'),
(942, 'Hàng hóa dfgj 584', 584, 876, '', 389, 172, 1, 1, '2022-02-23 00:00:00'),
(943, 'Hàng hóa asdf 869', 869, 1304, '', 69, 245, 1, 1, '2022-03-03 00:00:00'),
(944, 'Hàng hóa asdf 951', 951, 1427, '', 847, 595, 1, 1, '2022-03-12 00:00:00'),
(945, 'Hàng hóa fgh 900', 900, 1350, '', 400, 408, 1, 1, '2022-02-03 00:00:00'),
(946, 'Hàng hóa weroiog 661', 661, 992, '', 293, 90, 1, 1, '2022-03-02 00:00:00'),
(947, 'Hàng hóa dfgj 631', 631, 947, '', 80, 196, 1, 1, '2022-03-16 00:00:00'),
(948, 'Hàng hóa fghdfghue 530', 530, 795, '', 252, 286, 1, 1, '2022-02-23 00:00:00'),
(949, 'Hàng hóa dfgj 600', 600, 900, '', 442, 318, 1, 1, '2022-03-24 00:00:00'),
(950, 'Hàng hóa qwuefghi 758', 758, 1137, '', 82, 660, 1, 1, '2022-02-17 00:00:00'),
(951, 'Hàng hóa fgh 863', 863, 1295, '', 669, 221, 1, 1, '2022-02-20 00:00:00'),
(952, 'Hàng hóa qwuefghi 558', 558, 837, '', 420, 329, 1, 1, '2022-03-17 00:00:00'),
(953, 'Hàng hóa dfgj 997', 997, 1496, '', 52, 741, 1, 1, '2022-03-19 00:00:00'),
(954, 'Hàng hóa fgh 713', 713, 1070, '', 151, 604, 1, 1, '2022-02-26 00:00:00'),
(955, 'Hàng hóa weroiog 809', 809, 1214, '', 552, 714, 1, 1, '2022-02-10 00:00:00'),
(956, 'Hàng hóa fgh 786', 786, 1179, '', 659, 633, 1, 1, '2022-02-01 00:00:00'),
(957, 'Hàng hóa weroiog 559', 559, 839, '', 439, 544, 1, 1, '2022-02-13 00:00:00'),
(958, 'Hàng hóa fghdfghue 612', 612, 918, '', 594, 332, 1, 1, '2022-02-26 00:00:00'),
(959, 'Hàng hóa fgh 967', 967, 1451, '', 537, 756, 1, 1, '2022-02-03 00:00:00'),
(960, 'Hàng hóa fgh 808', 808, 1212, '', 456, 349, 1, 1, '2022-03-25 00:00:00'),
(961, 'Hàng hóa dioghjui 550', 550, 825, '', 510, 251, 1, 1, '2022-03-26 00:00:00'),
(962, 'Hàng hóa fghdfghue 993', 993, 1490, '', 736, 691, 1, 1, '2022-03-07 00:00:00'),
(963, 'Hàng hóa qwuefghi 795', 795, 1193, '', 221, 703, 1, 1, '2022-03-11 00:00:00'),
(964, 'Hàng hóa asdf 563', 563, 845, '', 426, 374, 1, 1, '2022-03-18 00:00:00'),
(965, 'Hàng hóa qwuefghi 515', 515, 773, '', 51, 250, 1, 1, '2022-03-21 00:00:00'),
(966, 'Hàng hóa qwuefghi 816', 816, 1224, '', 688, 698, 1, 1, '2022-02-25 00:00:00'),
(967, 'Hàng hóa weroiog 964', 964, 1446, '', 809, 329, 1, 1, '2022-02-06 00:00:00'),
(968, 'Hàng hóa weroiog 695', 695, 1043, '', 671, 270, 1, 1, '2022-02-01 00:00:00'),
(969, 'Hàng hóa weroiog 969', 969, 1454, '', 94, 337, 1, 1, '2022-03-01 00:00:00'),
(970, 'Hàng hóa fghdfghue 915', 915, 1373, '', 264, 613, 1, 1, '2022-03-20 00:00:00'),
(971, 'Hàng hóa dfgj 931', 931, 1397, '', 807, 851, 1, 1, '2022-02-22 00:00:00'),
(972, 'Hàng hóa fgh 842', 842, 1263, '', 264, 284, 1, 1, '2022-03-22 00:00:00'),
(973, 'Hàng hóa fgh 609', 609, 914, '', 137, 517, 1, 1, '2022-03-13 00:00:00'),
(974, 'Hàng hóa asdf 962', 962, 1443, '', 248, 66, 1, 1, '2022-03-02 00:00:00'),
(975, 'Hàng hóa asdf 856', 856, 1284, '', 561, 551, 1, 1, '2022-02-18 00:00:00'),
(976, 'Hàng hóa fghdfghue 898', 898, 1347, '', 762, 66, 1, 1, '2022-03-06 00:00:00'),
(977, 'Hàng hóa dioghjui 983', 983, 1475, '', 861, 669, 1, 1, '2022-02-18 00:00:00'),
(978, 'Hàng hóa qwuefghi 907', 907, 1361, '', 714, 203, 1, 1, '2022-03-12 00:00:00'),
(979, 'Hàng hóa fgh 821', 821, 1232, '', 195, 637, 1, 1, '2022-03-27 00:00:00'),
(980, 'Hàng hóa asdf 657', 657, 986, '', 93, 148, 1, 1, '2022-02-16 00:00:00'),
(981, 'Hàng hóa qwuefghi 753', 753, 1130, '', 511, 598, 1, 1, '2022-02-11 00:00:00'),
(982, 'Hàng hóa fghdfghue 878', 878, 1317, '', 715, 640, 1, 1, '2022-02-12 00:00:00'),
(983, 'Hàng hóa fghdfghue 717', 717, 1076, '', 421, 422, 1, 1, '2022-02-06 00:00:00'),
(984, 'Hàng hóa qwuefghi 813', 813, 1220, '', 183, 437, 1, 1, '2022-02-20 00:00:00'),
(985, 'Hàng hóa fghdfghue 834', 834, 1251, '', 11, 197, 1, 1, '2022-02-11 00:00:00'),
(986, 'Hàng hóa asdf 681', 681, 1022, '', 668, 208, 1, 1, '2022-02-13 00:00:00'),
(987, 'Hàng hóa fghdfghue 836', 836, 1254, '', 234, 709, 1, 1, '2022-02-06 00:00:00'),
(988, 'Hàng hóa dfgj 829', 829, 1244, '', 330, 612, 1, 1, '2022-03-05 00:00:00'),
(989, 'Hàng hóa asdf 622', 622, 933, '', 285, 207, 1, 1, '2022-03-01 00:00:00'),
(990, 'Hàng hóa dfgj 829', 829, 1244, '', 391, 592, 1, 1, '2022-02-19 00:00:00'),
(991, 'Hàng hóa fgh 750', 750, 1125, '', 105, 155, 1, 1, '2022-03-20 00:00:00'),
(992, 'Hàng hóa qwuefghi 574', 574, 861, '', 120, 428, 1, 1, '2022-02-03 00:00:00'),
(993, 'Hàng hóa fgh 599', 599, 899, '', 169, 179, 1, 1, '2022-02-16 00:00:00'),
(994, 'Hàng hóa fghdfghue 925', 925, 1388, '', 193, 202, 1, 1, '2022-03-14 00:00:00'),
(995, 'Hàng hóa fghdfghue 518', 518, 777, '', 412, 143, 1, 1, '2022-03-09 00:00:00'),
(996, 'Hàng hóa weroiog 835', 835, 1253, '', 603, 541, 1, 1, '2022-03-12 00:00:00'),
(997, 'Hàng hóa weroiog 508', 508, 762, '', 476, 360, 1, 1, '2022-02-24 00:00:00'),
(998, 'Hàng hóa fgh 869', 869, 1304, '', 827, 748, 1, 1, '2022-02-15 00:00:00'),
(999, 'Hàng hóa asdf 807', 807, 1211, '', 21, 20, 1, 1, '2022-02-23 00:00:00'),
(1000, 'Hàng hóa asdf 938', 938, 1407, '', 442, 279, 1, 1, '2022-03-08 00:00:00'),
(1001, 'Hàng hóa dioghjui 520', 520, 780, '', 321, 181, 1, 1, '2022-03-03 00:00:00'),
(1002, 'Hàng hóa fghdfghue 555', 555, 833, '', 281, 452, 1, 1, '2022-02-19 00:00:00'),
(1003, 'Hàng hóa dioghjui 636', 636, 954, '', 371, 304, 1, 1, '2022-03-15 00:00:00'),
(1004, 'Hàng hóa fghdfghue 566', 566, 849, '', 8, 205, 1, 1, '2022-03-14 00:00:00'),
(1005, 'Hàng hóa asdf 987', 987, 1481, '', 739, 221, 1, 1, '2022-02-07 00:00:00'),
(1006, 'Hàng hóa fghdfghue 901', 901, 1352, '', 428, 379, 1, 1, '2022-02-23 00:00:00'),
(1007, 'Hàng hóa asdf 748', 748, 1122, '', 631, 233, 1, 1, '2022-03-27 00:00:00'),
(1008, 'Hàng hóa fghdfghue 590', 590, 885, '', 251, 120, 1, 1, '2022-03-06 00:00:00'),
(1009, 'Hàng hóa fghdfghue 709', 709, 1064, '', 402, 56, 1, 1, '2022-02-26 00:00:00'),
(1010, 'Hàng hóa dfgj 587', 587, 881, '', 255, 280, 1, 1, '2022-02-15 00:00:00'),
(1011, 'Hàng hóa asdf 552', 552, 828, '', 263, 487, 1, 1, '2022-02-16 00:00:00'),
(1012, 'Hàng hóa qwuefghi 666', 666, 999, '', 448, 406, 1, 1, '2022-02-02 00:00:00'),
(1013, 'Hàng hóa dfgj 583', 583, 875, '', 85, 221, 1, 1, '2022-03-09 00:00:00'),
(1014, 'Hàng hóa qwuefghi 974', 974, 1461, '', 48, 282, 1, 1, '2022-03-23 00:00:00'),
(1015, 'Hàng hóa qwuefghi 860', 860, 1290, '', 285, 194, 1, 1, '2022-02-08 00:00:00'),
(1016, 'Hàng hóa fgh 846', 846, 1269, '', 211, 693, 1, 1, '2022-03-05 00:00:00'),
(1017, 'Hàng hóa fghdfghue 533', 533, 800, '', 45, 138, 1, 1, '2022-02-10 00:00:00'),
(1018, 'Hàng hóa asdf 654', 654, 981, '', 108, 592, 1, 1, '2022-02-04 00:00:00'),
(1019, 'Hàng hóa dfgj 686', 686, 1029, '', 333, 287, 1, 1, '2022-02-02 00:00:00'),
(1020, 'Hàng hóa fgh 701', 701, 1052, '', 107, 502, 1, 1, '2022-03-02 00:00:00'),
(1021, 'Hàng hóa fghdfghue 856', 856, 1284, '', 235, 601, 1, 1, '2022-03-19 00:00:00'),
(1022, 'Hàng hóa dioghjui 836', 836, 1254, '', 178, 392, 1, 1, '2022-02-13 00:00:00'),
(1023, 'Hàng hóa fghdfghue 662', 662, 993, '', 229, 504, 1, 1, '2022-03-25 00:00:00'),
(1024, 'Hàng hóa dfgj 959', 959, 1439, '', 163, 229, 1, 1, '2022-02-15 00:00:00'),
(1025, 'Hàng hóa dioghjui 800', 800, 1200, '', 701, 461, 1, 1, '2022-03-23 00:00:00'),
(1026, 'Hàng hóa qwuefghi 766', 766, 1149, '', 504, 33, 1, 1, '2022-03-25 00:00:00'),
(1027, 'Hàng hóa weroiog 572', 572, 858, '', 223, 230, 1, 1, '2022-02-12 00:00:00'),
(1028, 'Hàng hóa asdf 983', 983, 1475, '', 718, 967, 1, 1, '2022-03-26 00:00:00'),
(1029, 'Hàng hóa asdf 726', 726, 1089, '', 504, 100, 1, 1, '2022-03-09 00:00:00'),
(1030, 'Hàng hóa fgh 957', 957, 1436, '', 758, 250, 1, 1, '2022-03-10 00:00:00'),
(1031, 'Hàng hóa asdf 938', 938, 1407, '', 113, 169, 1, 1, '2022-03-09 00:00:00'),
(1032, 'Hàng hóa fgh 979', 979, 1469, '', 386, 842, 1, 1, '2022-03-23 00:00:00'),
(1033, 'Hàng hóa weroiog 729', 729, 1094, '', 580, 513, 1, 1, '2022-03-01 00:00:00'),
(1034, 'Hàng hóa qwuefghi 799', 799, 1199, '', 492, 447, 1, 1, '2022-03-07 00:00:00'),
(1035, 'Hàng hóa qwuefghi 751', 751, 1127, '', 597, 695, 1, 1, '2022-02-16 00:00:00'),
(1036, 'Hàng hóa qwuefghi 569', 569, 854, '', 254, 255, 1, 1, '2022-03-06 00:00:00'),
(1037, 'Hàng hóa weroiog 881', 881, 1322, '', 120, 577, 1, 1, '2022-03-15 00:00:00'),
(1038, 'Hàng hóa qwuefghi 962', 962, 1443, '', 148, 162, 1, 1, '2022-02-07 00:00:00'),
(1039, 'Hàng hóa asdf 660', 660, 990, '', 112, 572, 1, 1, '2022-02-16 00:00:00'),
(1040, 'Hàng hóa asdf 748', 748, 1122, '', 715, 727, 1, 1, '2022-03-07 00:00:00'),
(1041, 'Hàng hóa fgh 823', 823, 1235, '', 326, 570, 1, 1, '2022-02-20 00:00:00'),
(1042, 'Hàng hóa dioghjui 640', 640, 960, '', 77, 570, 1, 1, '2022-03-11 00:00:00'),
(1043, 'Hàng hóa fgh 759', 759, 1139, '', 483, 253, 1, 1, '2022-03-14 00:00:00'),
(1044, 'Hàng hóa weroiog 835', 835, 1253, '', 530, 89, 1, 1, '2022-02-09 00:00:00'),
(1045, 'Hàng hóa fghdfghue 647', 647, 971, '', 216, 468, 1, 1, '2022-03-20 00:00:00'),
(1046, 'Hàng hóa fgh 888', 888, 1332, '', 638, 189, 1, 1, '2022-03-10 00:00:00'),
(1047, 'Hàng hóa qwuefghi 585', 585, 878, '', 33, 153, 1, 1, '2022-02-21 00:00:00'),
(1048, 'Hàng hóa qwuefghi 855', 855, 1283, '', 611, 724, 1, 1, '2022-02-26 00:00:00'),
(1049, 'Hàng hóa qwuefghi 973', 973, 1460, '', 161, 784, 1, 1, '2022-03-21 00:00:00'),
(1050, 'Hàng hóa fghdfghue 949', 949, 1424, '', 245, 622, 1, 1, '2022-02-07 00:00:00'),
(1051, 'Hàng hóa dfgj 610', 610, 915, '', 394, 7, 1, 1, '2022-02-26 00:00:00'),
(1052, 'Hàng hóa fghdfghue 627', 627, 941, '', 175, 321, 1, 1, '2022-03-14 00:00:00'),
(1053, 'Hàng hóa qwuefghi 688', 688, 1032, '', 286, 284, 1, 1, '2022-02-02 00:00:00'),
(1054, 'Hàng hóa dioghjui 936', 936, 1404, '', 805, 381, 1, 1, '2022-02-20 00:00:00'),
(1055, 'Hàng hóa dfgj 632', 632, 948, '', 84, 243, 1, 1, '2022-02-04 00:00:00'),
(1056, 'Hàng hóa dfgj 943', 943, 1415, '', 783, 854, 1, 1, '2022-03-22 00:00:00'),
(1057, 'Hàng hóa asdf 895', 895, 1343, '', 280, 651, 1, 1, '2022-02-27 00:00:00'),
(1058, 'Hàng hóa asdf 727', 727, 1091, '', 202, 283, 1, 1, '2022-03-07 00:00:00'),
(1059, 'Hàng hóa fghdfghue 677', 677, 1016, '', 74, 676, 1, 1, '2022-02-25 00:00:00'),
(1060, 'Hàng hóa asdf 550', 550, 825, '', 254, 48, 1, 1, '2022-03-18 00:00:00'),
(1061, 'Hàng hóa fgh 989', 989, 1484, '', 842, 465, 1, 1, '2022-03-13 00:00:00'),
(1062, 'Hàng hóa fghdfghue 834', 834, 1251, '', 517, 73, 1, 1, '2022-03-09 00:00:00'),
(1063, 'Hàng hóa weroiog 710', 710, 1065, '', 618, 297, 1, 1, '2022-03-08 00:00:00'),
(1064, 'Hàng hóa fghdfghue 783', 783, 1175, '', 161, 618, 1, 1, '2022-02-11 00:00:00'),
(1065, 'Hàng hóa fghdfghue 606', 606, 909, '', 531, 35, 1, 1, '2022-03-15 00:00:00'),
(1066, 'Hàng hóa fghdfghue 935', 935, 1403, '', 842, 388, 1, 1, '2022-03-03 00:00:00'),
(1067, 'Hàng hóa asdf 896', 896, 1344, '', 497, 408, 1, 1, '2022-02-02 00:00:00'),
(1068, 'Hàng hóa fghdfghue 890', 890, 1335, '', 784, 191, 1, 1, '2022-03-13 00:00:00'),
(1069, 'Hàng hóa fgh 891', 891, 1337, '', 890, 836, 1, 1, '2022-03-03 00:00:00'),
(1070, 'Hàng hóa qwuefghi 817', 817, 1226, '', 587, 422, 1, 1, '2022-03-14 00:00:00'),
(1071, 'Hàng hóa qwuefghi 911', 911, 1367, '', 137, 480, 1, 1, '2022-02-18 00:00:00'),
(1072, 'Hàng hóa dfgj 844', 844, 1266, '', 491, 460, 1, 1, '2022-02-01 00:00:00'),
(1073, 'Hàng hóa dfgj 516', 516, 774, '', 509, 227, 1, 1, '2022-03-08 00:00:00'),
(1074, 'Hàng hóa dioghjui 913', 913, 1370, '', 844, 8, 1, 1, '2022-02-16 00:00:00'),
(1075, 'Hàng hóa qwuefghi 758', 758, 1137, '', 738, 68, 1, 1, '2022-02-16 00:00:00'),
(1076, 'Hàng hóa dfgj 791', 791, 1187, '', 638, 362, 1, 1, '2022-03-11 00:00:00'),
(1077, 'Hàng hóa fgh 776', 776, 1164, '', 528, 370, 1, 1, '2022-03-10 00:00:00'),
(1078, 'Hàng hóa fghdfghue 824', 824, 1236, '', 590, 337, 1, 1, '2022-03-01 00:00:00'),
(1079, 'Hàng hóa weroiog 765', 765, 1148, '', 111, 76, 1, 1, '2022-03-23 00:00:00'),
(1080, 'Hàng hóa dfgj 633', 633, 950, '', 120, 247, 1, 1, '2022-02-17 00:00:00'),
(1081, 'Hàng hóa dfgj 827', 827, 1241, '', 357, 312, 1, 1, '2022-03-04 00:00:00'),
(1082, 'Hàng hóa qwuefghi 913', 913, 1370, '', 397, 351, 1, 1, '2022-03-03 00:00:00'),
(1083, 'Hàng hóa qwuefghi 971', 971, 1457, '', 360, 204, 1, 1, '2022-03-09 00:00:00'),
(1084, 'Hàng hóa qwuefghi 907', 907, 1361, '', 765, 646, 1, 1, '2022-02-25 00:00:00'),
(1085, 'Hàng hóa fghdfghue 834', 834, 1251, '', 19, 323, 1, 1, '2022-02-19 00:00:00'),
(1086, 'Hàng hóa dfgj 522', 522, 783, '', 361, 275, 1, 1, '2022-02-22 00:00:00'),
(1087, 'Hàng hóa dioghjui 512', 512, 768, '', 456, 71, 1, 1, '2022-03-17 00:00:00'),
(1088, 'Hàng hóa fghdfghue 625', 625, 938, '', 193, 263, 1, 1, '2022-03-16 00:00:00'),
(1089, 'Hàng hóa qwuefghi 502', 502, 753, '', 82, 92, 1, 1, '2022-02-25 00:00:00'),
(1090, 'Hàng hóa asdf 818', 818, 1227, '', 410, 351, 1, 1, '2022-03-23 00:00:00'),
(1091, 'Hàng hóa dfgj 996', 996, 1494, '', 554, 886, 1, 1, '2022-02-16 00:00:00'),
(1092, 'Hàng hóa asdf 893', 893, 1340, '', 309, 134, 1, 1, '2022-02-14 00:00:00'),
(1093, 'Hàng hóa dfgj 927', 927, 1391, '', 852, 787, 1, 1, '2022-02-12 00:00:00'),
(1094, 'Hàng hóa weroiog 851', 851, 1277, '', 146, 238, 1, 1, '2022-02-04 00:00:00'),
(1095, 'Hàng hóa weroiog 939', 939, 1409, '', 91, 225, 1, 1, '2022-03-04 00:00:00'),
(1096, 'Hàng hóa fghdfghue 819', 819, 1229, '', 579, 102, 1, 1, '2022-02-13 00:00:00'),
(1097, 'Hàng hóa dioghjui 919', 919, 1379, '', 671, 793, 1, 1, '2022-02-22 00:00:00'),
(1098, 'Hàng hóa dfgj 993', 993, 1490, '', 543, 653, 1, 1, '2022-02-27 00:00:00'),
(1099, 'Hàng hóa fgh 913', 913, 1370, '', 702, 580, 1, 1, '2022-02-10 00:00:00'),
(1100, 'Hàng hóa dfgj 892', 892, 1338, '', 83, 320, 1, 1, '2022-02-20 00:00:00'),
(1101, 'Hàng hóa dioghjui 925', 925, 1388, '', 811, 690, 1, 1, '2022-03-13 00:00:00'),
(1102, 'Hàng hóa fgh 973', 973, 1460, '', 644, 561, 1, 1, '2022-02-14 00:00:00'),
(1103, 'Hàng hóa weroiog 754', 754, 1131, '', 77, 222, 1, 1, '2022-03-27 00:00:00'),
(1104, 'Hàng hóa dfgj 541', 541, 812, '', 410, 536, 1, 1, '2022-02-15 00:00:00'),
(1105, 'Hàng hóa fgh 649', 649, 974, '', 438, 92, 1, 1, '2022-02-22 00:00:00'),
(1106, 'Hàng hóa weroiog 670', 670, 1005, '', 633, 128, 1, 1, '2022-03-10 00:00:00'),
(1107, 'Hàng hóa dfgj 771', 771, 1157, '', 540, 317, 1, 1, '2022-02-19 00:00:00'),
(1108, 'Hàng hóa qwuefghi 641', 641, 962, '', 469, 470, 1, 1, '2022-02-12 00:00:00'),
(1109, 'Hàng hóa weroiog 707', 707, 1061, '', 343, 102, 1, 1, '2022-02-27 00:00:00'),
(1110, 'Hàng hóa asdf 976', 976, 1464, '', 194, 640, 1, 1, '2022-03-10 00:00:00'),
(1111, 'Hàng hóa qwuefghi 587', 587, 881, '', 374, 200, 1, 1, '2022-02-25 00:00:00'),
(1112, 'Hàng hóa fgh 574', 574, 861, '', 46, 534, 1, 1, '2022-03-26 00:00:00'),
(1113, 'Hàng hóa fgh 731', 731, 1097, '', 661, 689, 1, 1, '2022-02-25 00:00:00'),
(1114, 'Hàng hóa dfgj 908', 908, 1362, '', 184, 629, 1, 1, '2022-03-10 00:00:00'),
(1115, 'Hàng hóa weroiog 925', 925, 1388, '', 492, 614, 1, 1, '2022-02-15 00:00:00'),
(1116, 'Hàng hóa dioghjui 506', 506, 759, '', 96, 92, 1, 1, '2022-02-11 00:00:00'),
(1117, 'Hàng hóa fgh 544', 544, 816, '', 444, 299, 1, 1, '2022-02-20 00:00:00'),
(1118, 'Hàng hóa dfgj 780', 780, 1170, '', 372, 642, 1, 1, '2022-02-21 00:00:00'),
(1119, 'Hàng hóa qwuefghi 816', 816, 1224, '', 188, 681, 1, 1, '2022-03-02 00:00:00'),
(1120, 'Hàng hóa fgh 672', 672, 1008, '', 37, 218, 1, 1, '2022-02-15 00:00:00'),
(1121, 'Hàng hóa fghdfghue 743', 743, 1115, '', 493, 139, 1, 1, '2022-02-04 00:00:00'),
(1122, 'Hàng hóa dioghjui 692', 692, 1038, '', 554, 52, 1, 1, '2022-02-19 00:00:00'),
(1123, 'Hàng hóa asdf 667', 667, 1001, '', 632, 543, 1, 1, '2022-03-18 00:00:00'),
(1124, 'Hàng hóa qwuefghi 774', 774, 1161, '', 206, 689, 1, 1, '2022-03-15 00:00:00'),
(1125, 'Hàng hóa dioghjui 643', 643, 965, '', 379, 270, 1, 1, '2022-02-19 00:00:00'),
(1126, 'Hàng hóa dioghjui 805', 805, 1208, '', 609, 745, 1, 1, '2022-03-13 00:00:00'),
(1127, 'Hàng hóa qwuefghi 851', 851, 1277, '', 55, 151, 1, 1, '2022-02-22 00:00:00'),
(1128, 'Hàng hóa fghdfghue 938', 938, 1407, '', 2, 812, 1, 1, '2022-02-13 00:00:00'),
(1129, 'Hàng hóa weroiog 712', 712, 1068, '', 165, 255, 1, 1, '2022-02-15 00:00:00'),
(1130, 'Hàng hóa asdf 638', 638, 957, '', 555, 20, 1, 1, '2022-02-09 00:00:00'),
(1131, 'Hàng hóa qwuefghi 810', 810, 1215, '', 704, 33, 1, 1, '2022-03-19 00:00:00'),
(1132, 'Hàng hóa fgh 921', 921, 1382, '', 817, 170, 1, 1, '2022-03-09 00:00:00'),
(1133, 'Hàng hóa weroiog 740', 740, 1110, '', 672, 274, 1, 1, '2022-02-28 00:00:00'),
(1134, 'Hàng hóa fgh 977', 977, 1466, '', 889, 301, 1, 1, '2022-02-28 00:00:00'),
(1135, 'Hàng hóa weroiog 848', 848, 1272, '', 744, 404, 1, 1, '2022-02-28 00:00:00'),
(1136, 'Hàng hóa weroiog 729', 729, 1094, '', 337, 167, 1, 1, '2022-02-28 00:00:00'),
(1137, 'Hàng hóa fgh 751', 751, 1127, '', 541, 697, 1, 1, '2022-02-28 00:00:00'),
(1138, 'Hàng hóa dfgj 605', 605, 908, '', 578, 342, 1, 1, '2022-02-28 00:00:00'),
(1139, 'Hàng hóa asdf 999', 999, 1499, '', 560, 50, 1, 1, '2022-02-28 00:00:00'),
(1140, 'Hàng hóa qwuefghi 976', 976, 1464, '', 326, 713, 1, 1, '2022-02-28 00:00:00'),
(1141, 'Hàng hóa weroiog 867', 867, 1301, '', 120, 688, 1, 1, '2022-02-28 00:00:00'),
(1142, 'Hàng hóa asdf 739', 739, 1109, '', 393, 256, 1, 1, '2022-02-28 00:00:00'),
(1143, 'Hàng hóa dioghjui 622', 622, 933, '', 345, 371, 1, 1, '2022-02-28 00:00:00'),
(1144, 'Hàng hóa dioghjui 859', 859, 1289, '', 300, 272, 1, 1, '2022-02-28 00:00:00'),
(1145, 'Hàng hóa weroiog 753', 753, 1130, '', 713, 477, 1, 1, '2022-02-28 00:00:00'),
(1146, 'Hàng hóa asdf 581', 581, 872, '', 340, 365, 1, 1, '2022-02-28 00:00:00'),
(1147, 'Hàng hóa fgh 617', 617, 926, '', 180, 358, 1, 1, '2022-02-28 00:00:00'),
(1148, 'Hàng hóa fgh 969', 969, 1454, '', 674, 626, 1, 1, '2022-02-28 00:00:00'),
(1149, 'Hàng hóa qwuefghi 860', 860, 1290, '', 736, 274, 1, 1, '2022-02-28 00:00:00'),
(1150, 'Hàng hóa fgh 761', 761, 1142, '', 627, 616, 1, 1, '2022-02-28 00:00:00'),
(1151, 'Hàng hóa dioghjui 907', 907, 1361, '', 729, 141, 1, 1, '2022-02-28 00:00:00');

-- --------------------------------------------------------

--
-- Table structure for table `loai_hang`
--

DROP TABLE IF EXISTS `loai_hang`;
CREATE TABLE IF NOT EXISTS `loai_hang` (
  `ma` int(11) NOT NULL AUTO_INCREMENT,
  `ten_loai_hang` varchar(255) CHARACTER SET utf8mb4 COLLATE utf8mb4_unicode_ci NOT NULL,
  PRIMARY KEY (`ma`)
) ENGINE=InnoDB AUTO_INCREMENT=4 DEFAULT CHARSET=utf8mb4 COLLATE=utf8mb4_unicode_ci;

--
-- Dumping data for table `loai_hang`
--

INSERT INTO `loai_hang` (`ma`, `ten_loai_hang`) VALUES
(1, 'Điện tử'),
(2, 'Thực phẩm'),
(3, 'Gia dụng');

-- --------------------------------------------------------

--
-- Table structure for table `nhan_vien`
--

DROP TABLE IF EXISTS `nhan_vien`;
CREATE TABLE IF NOT EXISTS `nhan_vien` (
  `ma` int(11) NOT NULL AUTO_INCREMENT,
  `ho_ten` varchar(50) CHARACTER SET utf8mb4 COLLATE utf8mb4_unicode_ci DEFAULT NULL,
  `sdt` varchar(15) CHARACTER SET utf8mb4 COLLATE utf8mb4_unicode_ci DEFAULT NULL,
  `email` varchar(100) CHARACTER SET utf8mb4 COLLATE utf8mb4_unicode_ci DEFAULT NULL,
  `ngay_sinh` date DEFAULT NULL,
  `dia_chi` varchar(255) CHARACTER SET utf8mb4 COLLATE utf8mb4_unicode_ci DEFAULT NULL,
  `gioi_tinh` bit(1) NOT NULL,
  `luong` int(11) DEFAULT NULL,
  `id_tai_khoan` int(11) NOT NULL,
  PRIMARY KEY (`ma`),
  UNIQUE KEY `email` (`email`,`sdt`)
) ENGINE=InnoDB AUTO_INCREMENT=7 DEFAULT CHARSET=utf8mb4 COLLATE=utf8mb4_unicode_ci;

--
-- Dumping data for table `nhan_vien`
--

INSERT INTO `nhan_vien` (`ma`, `ho_ten`, `sdt`, `email`, `ngay_sinh`, `dia_chi`, `gioi_tinh`, `luong`, `id_tai_khoan`) VALUES
(4, 'Hoàng Tiến Trường', '0123912523', 'tientruong@gmail.com', '2004-01-01', 'Hà Nội', b'1', 1000, 0),
(5, 'Đặng Minh Tú', '0123471233', 'minhtu@gmail.com', '2001-12-12', 'Hà Nội', b'1', 1000, 0),
(6, 'Lê Long Vũ', '01239125231', 'vu@gmail.com', '2001-12-12', 'Hà Nội', b'1', 1000, 0);

-- --------------------------------------------------------

--
-- Table structure for table `nha_cung_cap`
--

DROP TABLE IF EXISTS `nha_cung_cap`;
CREATE TABLE IF NOT EXISTS `nha_cung_cap` (
  `ma` int(11) NOT NULL AUTO_INCREMENT,
  `ten_nha_cung_cap` varchar(255) CHARACTER SET utf8mb4 COLLATE utf8mb4_unicode_ci NOT NULL,
  `sdt` int(11) NOT NULL,
  `email` varchar(100) CHARACTER SET utf8mb4 COLLATE utf8mb4_unicode_ci NOT NULL,
  `dia_chi` varchar(255) CHARACTER SET utf8mb4 COLLATE utf8mb4_unicode_ci NOT NULL,
  `vi_tri_kho` varchar(255) CHARACTER SET utf8mb4 COLLATE utf8mb4_unicode_ci NOT NULL,
  PRIMARY KEY (`ma`)
) ENGINE=InnoDB AUTO_INCREMENT=4 DEFAULT CHARSET=utf8mb4 COLLATE=utf8mb4_unicode_ci;

--
-- Dumping data for table `nha_cung_cap`
--

INSERT INTO `nha_cung_cap` (`ma`, `ten_nha_cung_cap`, `sdt`, `email`, `dia_chi`, `vi_tri_kho`) VALUES
(1, 'Masan', 666888444, 'masan@gmail.com', 'TP.HCM', 'Củ Chi'),
(2, 'Winmart', 555666999, 'winmart@gmail.com', 'Hải Phòng', 'Cảng'),
(3, 'Phong Vũ', 231321253, 'phongvu@gmail.com', 'Hà Nội', 'Thái Hà');

-- --------------------------------------------------------

--
-- Table structure for table `tai_khoan`
--

DROP TABLE IF EXISTS `tai_khoan`;
CREATE TABLE IF NOT EXISTS `tai_khoan` (
  `id` int(11) NOT NULL AUTO_INCREMENT,
  `user_name` varchar(255) CHARACTER SET utf8mb4 COLLATE utf8mb4_unicode_ci NOT NULL,
  `password` varchar(255) CHARACTER SET utf8mb4 COLLATE utf8mb4_unicode_ci NOT NULL,
  `quyen` int(11) NOT NULL DEFAULT '0',
  PRIMARY KEY (`id`)
) ENGINE=InnoDB AUTO_INCREMENT=2 DEFAULT CHARSET=utf8mb4 COLLATE=utf8mb4_unicode_ci;

--
-- Dumping data for table `tai_khoan`
--

INSERT INTO `tai_khoan` (`id`, `user_name`, `password`, `quyen`) VALUES
(1, 'tung_dang', 'tung_dang', 1);

--
-- Constraints for dumped tables
--

--
-- Constraints for table `hang_hoa`
--
ALTER TABLE `hang_hoa`
  ADD CONSTRAINT `hang_hoa_ibfk_1` FOREIGN KEY (`ma_loai_hang`) REFERENCES `loai_hang` (`ma`);
COMMIT;

/*!40101 SET CHARACTER_SET_CLIENT=@OLD_CHARACTER_SET_CLIENT */;
/*!40101 SET CHARACTER_SET_RESULTS=@OLD_CHARACTER_SET_RESULTS */;
/*!40101 SET COLLATION_CONNECTION=@OLD_COLLATION_CONNECTION */;
